file_N:23,train,seed:None,percent:2537,integrated,n:1,N:4
t,V,V'
0.0,-63.901941,-63.902123
0.020088,-63.902123,-63.902693
0.041258,-63.902693,-63.903464
0.062648,-63.903464,-63.904501
0.083017,-63.904501,-63.906002
0.104037,-63.906002,-63.907501
0.124385,-63.907501,-63.908935
0.14493,-63.908935,-63.910292
0.165646,-63.910292,-63.911554
0.186673,-63.911554,-63.912376
0.208717,-63.912376,-63.912484
0.229724,-63.912484,-63.911726
0.251499,-63.911726,-63.910374
0.273235,-63.910374,-63.909136
0.294275,-63.909136,-63.908282
0.316449,-63.908282,-63.907819
0.338435,-63.907819,-63.907571
0.360479,-63.907571,-63.907501
0.381943,-63.907501,-63.907592
0.403856,-63.907592,-63.90767
0.425244,-63.90767,-63.908045
0.446845,-63.908045,-63.908595
0.466941,-63.908595,-63.909341
0.48852,-63.909341,-63.910067
0.509537,-63.910067,-63.910627
0.531266,-63.910627,-63.911035
0.55173,-63.911035,-63.911516
0.572229,-63.911516,-63.911971
0.5924,-63.911971,-63.912287
0.613352,-63.912287,-63.912315
0.635203,-63.912315,-63.912136
0.655589,-63.912136,-63.912006
0.676789,-63.912006,-63.91242
0.699201,-63.91242,-63.913567
0.719692,-63.913567,-63.914999
0.740684,-63.914999,-63.916417
0.761283,-63.916417,-63.917327
0.782716,-63.917327,-63.917493
0.803326,-63.917493,-63.916975
0.823781,-63.916975,-63.91601
0.844386,-63.91601,-63.915515
0.865268,-63.915515,-63.915132
0.887015,-63.915132,-63.914618
0.907162,-63.914618,-63.914748
0.929365,-63.914748,-63.915189
0.951018,-63.915189,-63.915673
0.971195,-63.915673,-63.915723
0.991385,-63.915723,-63.915952
1.013646,-63.915952,-63.91666
1.033792,-63.91666,-63.917427
1.054566,-63.917427,-63.918154
1.076085,-63.918154,-63.919581
1.097857,-63.919581,-63.921121
1.118305,-63.921121,-63.922456
1.138836,-63.922456,-63.923605
1.16032,-63.923605,-63.9245
1.182228,-63.9245,-63.924489
1.204058,-63.924489,-63.923714
1.224857,-63.923714,-63.922718
1.244872,-63.922718,-63.921904
1.26492,-63.921904,-63.921687
1.287564,-63.921687,-63.922232
1.30766,-63.922232,-63.923737
1.329631,-63.923737,-63.925117
1.35012,-63.925117,-63.926048
1.371804,-63.926048,-63.926579
1.39322,-63.926579,-63.926706
1.415419,-63.926706,-63.926466
1.435543,-63.926466,-63.92605
1.457106,-63.92605,-63.925732
1.478229,-63.925732,-63.925614
1.499532,-63.925614,-63.925405
1.521586,-63.925405,-63.925337
1.542856,-63.925337,-63.925754
1.564247,-63.925754,-63.926528
1.586015,-63.926528,-63.927264
1.606955,-63.927264,-63.927931
1.628326,-63.927931,-63.92857
1.649875,-63.92857,-63.928687
1.671515,-63.928687,-63.928557
1.692744,-63.928557,-63.928533
1.713302,-63.928533,-63.928773
1.73443,-63.928773,-63.929365
1.755017,-63.929365,-63.929912
1.776932,-63.929912,-63.930089
1.79895,-63.930089,-63.929748
1.821259,-63.929748,-63.928795
1.842479,-63.928795,-63.927769
1.864669,-63.927769,-63.92701
1.885094,-63.92701,-63.926667
1.907419,-63.926667,-63.926885
1.929853,-63.926885,-63.927346
1.951197,-63.927346,-63.927696
1.971916,-63.927696,-63.92772
1.99374,-63.92772,-63.927454
2.015464,-63.927454,-63.926361
2.037012,-63.926361,-63.924835
2.0578,-63.924835,-63.923628
2.078564,-63.923628,-63.923087
2.09915,-63.923087,-63.923215
2.119239,-63.923215,-63.924095
2.139286,-63.924095,-63.925772
2.160306,-63.925772,-63.927748
2.181866,-63.927748,-63.929072
2.20207,-63.929072,-63.929947
2.22402,-63.929947,-63.930545
2.24546,-63.930545,-63.930843
2.265972,-63.930843,-63.930832
2.289017,-63.930832,-63.930861
2.312567,-63.930861,-63.931305
2.333023,-63.931305,-63.932116
2.354607,-63.932116,-63.932895
2.375201,-63.932895,-63.933271
2.397489,-63.933271,-63.933
2.418835,-63.933,-63.93189
2.43995,-63.93189,-63.930469
2.461019,-63.930469,-63.929155
2.481797,-63.929155,-63.928076
2.503324,-63.928076,-63.927427
2.523805,-63.927427,-63.926894
2.546281,-63.926894,-63.926428
2.566322,-63.926428,-63.92616
2.587454,-63.92616,-63.926259
2.610512,-63.926259,-63.92628
2.63368,-63.92628,-63.926563
2.655278,-63.926563,-63.926708
2.675803,-63.926708,-63.926931
2.698482,-63.926931,-63.927469
2.719374,-63.927469,-63.92806
2.741597,-63.92806,-63.928222
2.762546,-63.928222,-63.927789
2.782728,-63.927789,-63.927466
2.803092,-63.927466,-63.927401
2.825749,-63.927401,-63.927484
2.847681,-63.927484,-63.928328
2.868703,-63.928328,-63.929674
2.890217,-63.929674,-63.930861
2.911356,-63.930861,-63.931552
2.931645,-63.931552,-63.932188
2.9533,-63.932188,-63.932771
2.975106,-63.932771,-63.933104
2.996165,-63.933104,-63.933654
3.016784,-63.933654,-63.934223
3.038576,-63.934223,-63.934228
3.062529,-63.934228,-63.933578
3.084624,-63.933578,-63.932672
3.105163,-63.932672,-63.93172
3.125275,-63.93172,-63.930547
3.147109,-63.930547,-63.929745
3.169448,-63.929745,-63.92927
3.191855,-63.92927,-63.928847
3.212322,-63.928847,-63.928821
3.232894,-63.928821,-63.929083
3.2551,-63.929083,-63.929275
3.275188,-63.929275,-63.929329
3.298882,-63.929329,-63.92935
3.318901,-63.92935,-63.929182
3.341987,-63.929182,-63.928698
3.363773,-63.928698,-63.928335
3.384152,-63.928335,-63.9282
3.404425,-63.9282,-63.928198
3.426519,-63.928198,-63.928119
3.447165,-63.928119,-63.927872
3.469015,-63.927872,-63.927266
3.490122,-63.927266,-63.9261
3.510367,-63.9261,-63.924589
3.531086,-63.924589,-63.923303
3.551743,-63.923303,-63.922743
3.571816,-63.922743,-63.923425
3.592865,-63.923425,-63.924682
3.614855,-63.924682,-63.925831
3.636322,-63.925831,-63.926584
3.656346,-63.926584,-63.926882
3.676574,-63.926882,-63.927105
3.699345,-63.927105,-63.927352
3.720662,-63.927352,-63.927937
3.741473,-63.927937,-63.928504
3.763163,-63.928504,-63.928541
3.786226,-63.928541,-63.928109
3.806249,-63.928109,-63.927295
3.827818,-63.927295,-63.926743
3.849166,-63.926743,-63.926296
3.869572,-63.926296,-63.925918
3.890186,-63.925918,-63.925706
3.913108,-63.925706,-63.925292
3.935068,-63.925292,-63.925141
3.958028,-63.925141,-63.924982
3.978241,-63.924982,-63.924632
4.000439,-63.924632,-63.924436
4.020538,-63.924436,-63.924273
4.041469,-63.924273,-63.924284
4.062558,-63.924284,-63.924392
4.083278,-63.924392,-63.924511
4.103368,-63.924511,-63.924902
4.123947,-63.924902,-63.925334
4.144206,-63.925334,-63.925671
4.165582,-63.925671,-63.926114
4.186846,-63.926114,-63.926648
4.206921,-63.926648,-63.927182
4.229233,-63.927182,-63.927513
4.249965,-63.927513,-63.927489
4.272212,-63.927489,-63.92795
4.293705,-63.92795,-63.929038
4.314431,-63.929038,-63.93055
4.335392,-63.93055,-63.932398
4.355412,-63.932398,-63.934971
4.376202,-63.934971,-63.937567
4.396381,-63.937567,-63.939509
4.41716,-63.939509,-63.940352
4.438303,-63.940352,-63.940354
4.460281,-63.940354,-63.939638
4.481716,-63.939638,-63.937959
4.503274,-63.937959,-63.935939
4.524732,-63.935939,-63.934516
4.544751,-63.934516,-63.933455
4.566067,-63.933455,-63.932594
4.58622,-63.932594,-63.931955
4.607052,-63.931955,-63.93169
4.627754,-63.93169,-63.931592
4.649788,-63.931592,-63.931404
4.672452,-63.931404,-63.931297
4.694481,-63.931297,-63.931263
4.717001,-63.931263,-63.931025
4.739058,-63.931025,-63.930497
4.75944,-63.930497,-63.930345
4.781064,-63.930345,-63.930737
4.803132,-63.930737,-63.931684
4.824672,-63.931684,-63.933045
4.846138,-63.933045,-63.934211
4.867251,-63.934211,-63.934834
4.887671,-63.934834,-63.934968
4.909151,-63.934968,-63.934489
4.930069,-63.934489,-63.933415
4.950769,-63.933415,-63.932022
4.971977,-63.932022,-63.930461
4.992404,-63.930461,-63.929178
5.013069,-63.929178,-63.92804
5.034511,-63.92804,-63.927097
5.056587,-63.927097,-63.926497
5.077987,-63.926497,-63.925873
5.09984,-63.925873,-63.925331
5.122127,-63.925331,-63.92492
5.142507,-63.92492,-63.92491
5.166073,-63.92491,-63.925547
5.187736,-63.925547,-63.926288
5.208859,-63.926288,-63.92692
5.230249,-63.92692,-63.927238
5.250667,-63.927238,-63.927408
5.270981,-63.927408,-63.92764
5.292305,-63.92764,-63.928198
5.31341,-63.928198,-63.928924
5.334916,-63.928924,-63.929608
5.356317,-63.929608,-63.93028
5.377673,-63.93028,-63.930658
5.400333,-63.930658,-63.930964
5.42051,-63.930964,-63.931541
5.440557,-63.931541,-63.931964
5.463151,-63.931964,-63.932009
5.484168,-63.932009,-63.93198
5.507993,-63.93198,-63.93216
5.530009,-63.93216,-63.932841
5.55114,-63.932841,-63.934298
5.57301,-63.934298,-63.93592
5.593116,-63.93592,-63.936554
5.614884,-63.936554,-63.935997
5.63703,-63.935997,-63.934803
5.657287,-63.934803,-63.933065
5.677689,-63.933065,-63.9311
5.699234,-63.9311,-63.929899
5.719535,-63.929899,-63.92968
5.741355,-63.92968,-63.930192
5.761375,-63.930192,-63.931354
5.781928,-63.931354,-63.933342
5.802123,-63.933342,-63.935574
5.822965,-63.935574,-63.937126
5.844728,-63.937126,-63.937767
5.867002,-63.937767,-63.937279
5.888889,-63.937279,-63.936056
5.909048,-63.936056,-63.934751
5.929988,-63.934751,-63.933961
5.95193,-63.933961,-63.93435
5.973784,-63.93435,-63.93489
5.993905,-63.93489,-63.935713
6.015256,-63.935713,-63.936407
6.035828,-63.936407,-63.936146
6.058471,-63.936146,-63.935216
6.080072,-63.935216,-63.934317
6.100173,-63.934317,-63.93376
6.1211,-63.93376,-63.933897
6.14386,-63.933897,-63.934766
6.164219,-63.934766,-63.936455
6.185223,-63.936455,-63.938511
6.206733,-63.938511,-63.939733
6.226866,-63.939733,-63.940174
6.247834,-63.940174,-63.940274
6.267983,-63.940274,-63.939769
6.28916,-63.939769,-63.938809
6.310001,-63.938809,-63.937698
6.331833,-63.937698,-63.937318
6.353188,-63.937318,-63.937455
6.375681,-63.937455,-63.937417
6.397874,-63.937417,-63.937636
6.419226,-63.937636,-63.938222
6.439281,-63.938222,-63.938432
6.460363,-63.938432,-63.938285
6.480635,-63.938285,-63.93799
6.500647,-63.93799,-63.937517
6.522187,-63.937517,-63.936474
6.543303,-63.936474,-63.934966
6.564266,-63.934966,-63.933486
6.584679,-63.933486,-63.931805
6.60496,-63.931805,-63.930096
6.626887,-63.930096,-63.929029
6.647907,-63.929029,-63.928667
6.66956,-63.928667,-63.928568
6.691643,-63.928568,-63.928191
6.712764,-63.928191,-63.927243
6.734307,-63.927243,-63.92574
6.75567,-63.92574,-63.923641
6.77737,-63.923641,-63.921859
6.798919,-63.921859,-63.920894
6.820037,-63.920894,-63.920401
6.841773,-63.920401,-63.920005
6.862421,-63.920005,-63.919444
6.882957,-63.919444,-63.918675
6.904222,-63.918675,-63.917676
6.924698,-63.917676,-63.916437
6.946182,-63.916437,-63.915801
6.966228,-63.915801,-63.915861
6.98912,-63.915861,-63.916414
7.011458,-63.916414,-63.917511
7.032107,-63.917511,-63.919094
7.052889,-63.919094,-63.920687
7.072941,-63.920687,-63.921726
7.093935,-63.921726,-63.922261
7.115215,-63.922261,-63.922775
7.135274,-63.922775,-63.923314
7.157353,-63.923314,-63.923418
7.180501,-63.923418,-63.92351
7.203666,-63.92351,-63.923568
7.226896,-63.923568,-63.923282
7.249548,-63.923282,-63.922972
7.271224,-63.922972,-63.923137
7.29378,-63.923137,-63.923466
7.315807,-63.923466,-63.923456
7.337695,-63.923456,-63.923509
7.359115,-63.923509,-63.92312
7.380981,-63.92312,-63.922465
7.403176,-63.922465,-63.922163
7.423384,-63.922163,-63.922452
7.445132,-63.922452,-63.923477
7.466713,-63.923477,-63.924727
7.488193,-63.924727,-63.926015
7.509378,-63.926015,-63.926744
7.531511,-63.926744,-63.926372
7.554059,-63.926372,-63.925439
7.575304,-63.925439,-63.924259
7.597375,-63.924259,-63.92292
7.618478,-63.92292,-63.921904
7.64,-63.921904,-63.921274
7.660995,-63.921274,-63.920542
7.682668,-63.920542,-63.9196
7.703157,-63.9196,-63.918524
7.725243,-63.918524,-63.917158
7.746802,-63.917158,-63.915615
7.767286,-63.915615,-63.914404
7.78797,-63.914404,-63.914077
7.809282,-63.914077,-63.914041
7.830438,-63.914041,-63.913694
7.852046,-63.913694,-63.913239
7.872844,-63.913239,-63.912719
7.89302,-63.912719,-63.912149
7.915005,-63.912149,-63.912136
7.938725,-63.912136,-63.912623
7.959316,-63.912623,-63.913456
7.980333,-63.913456,-63.914032
8.001689,-63.914032,-63.914012
8.024166,-63.914012,-63.913513
8.04572,-63.913513,-63.91329
8.066858,-63.91329,-63.913431
8.087184,-63.913431,-63.913838
8.109793,-63.913838,-63.914288
8.130308,-63.914288,-63.914392
8.153156,-63.914392,-63.91423
8.175075,-63.91423,-63.913612
8.196297,-63.913612,-63.912868
8.217344,-63.912868,-63.912449
8.239777,-63.912449,-63.912401
8.259997,-63.912401,-63.912796
8.280924,-63.912796,-63.913568
8.303133,-63.913568,-63.914631
8.323282,-63.914631,-63.916172
8.344271,-63.916172,-63.91764
8.36453,-63.91764,-63.918692
8.385744,-63.918692,-63.919312
8.406539,-63.919312,-63.919715
8.426671,-63.919715,-63.920037
8.448052,-63.920037,-63.920368
8.469948,-63.920368,-63.920451
8.490706,-63.920451,-63.920361
8.514099,-63.920361,-63.920102
8.53623,-63.920102,-63.919539
8.557103,-63.919539,-63.918875
8.57865,-63.918875,-63.918535
8.598897,-63.918535,-63.918496
8.619921,-63.918496,-63.918752
8.642736,-63.918752,-63.919077
8.665207,-63.919077,-63.919746
8.685796,-63.919746,-63.920771
8.706044,-63.920771,-63.921652
8.728288,-63.921652,-63.922289
8.7497,-63.922289,-63.922928
8.771345,-63.922928,-63.923136
8.7922,-63.923136,-63.92286
8.814923,-63.92286,-63.922325
8.835583,-63.922325,-63.921827
8.858013,-63.921827,-63.921487
8.879558,-63.921487,-63.921079
8.900512,-63.921079,-63.921129
8.921222,-63.921129,-63.921461
8.943009,-63.921461,-63.921589
8.964862,-63.921589,-63.921904
8.985666,-63.921904,-63.922201
9.007271,-63.922201,-63.922231
9.029414,-63.922231,-63.921993
9.050033,-63.921993,-63.921519
9.071271,-63.921519,-63.921188
9.092051,-63.921188,-63.921186
9.1134,-63.921186,-63.921923
9.134902,-63.921923,-63.923364
9.156424,-63.923364,-63.924782
9.177179,-63.924782,-63.926348
9.197606,-63.926348,-63.92792
9.217783,-63.92792,-63.929491
9.238049,-63.929491,-63.931131
9.258074,-63.931131,-63.932537
9.278358,-63.932537,-63.933511
9.299824,-63.933511,-63.933653
9.322567,-63.933653,-63.932992
9.34401,-63.932992,-63.931955
9.36447,-63.931955,-63.93061
9.385756,-63.93061,-63.929568
9.407137,-63.929568,-63.929034
9.428239,-63.929034,-63.928943
9.450749,-63.928943,-63.929346
9.471959,-63.929346,-63.930175
9.49378,-63.930175,-63.931126
9.513813,-63.931126,-63.931462
9.535403,-63.931462,-63.930979
9.555449,-63.930979,-63.929897
9.576151,-63.929897,-63.928388
9.597062,-63.928388,-63.926912
9.617469,-63.926912,-63.92563
9.638277,-63.92563,-63.924784
9.660109,-63.924784,-63.924578
9.681189,-63.924578,-63.924708
9.703245,-63.924708,-63.925033
9.725567,-63.925033,-63.925131
9.746686,-63.925131,-63.925261
9.76764,-63.925261,-63.925379
9.789521,-63.925379,-63.925126
9.812092,-63.925126,-63.924822
9.834659,-63.924822,-63.924369
9.855854,-63.924369,-63.923968
9.876567,-63.923968,-63.923597
9.897665,-63.923597,-63.923301
9.919434,-63.923301,-63.92328
9.940854,-63.92328,-63.923839
9.963199,-63.923839,-63.924702
9.984222,-63.924702,-63.92543
10.004851,-63.92543,-63.926036
10.02652,-63.926036,-63.926603
10.04864,-63.926603,-63.926714
10.070252,-63.926714,-63.925972
10.092119,-63.925972,-63.925306
10.112916,-63.925306,-63.925487
10.135937,-63.925487,-63.926079
10.156799,-63.926079,-63.926938
10.177918,-63.926938,-63.927678
10.198266,-63.927678,-63.927421
10.219233,-63.927421,-63.925957
10.239603,-63.925957,-63.923698
10.261091,-63.923698,-63.921435
10.281942,-63.921435,-63.919408
10.303063,-63.919408,-63.917755
10.324923,-63.917755,-63.916733
10.346123,-63.916733,-63.916143
10.367114,-63.916143,-63.915881
10.387904,-63.915881,-63.916176
10.40971,-63.916176,-63.916943
10.432013,-63.916943,-63.917803
10.452664,-63.917803,-63.918592
10.473115,-63.918592,-63.919024
10.495091,-63.919024,-63.91919
10.515213,-63.91919,-63.91946
10.535579,-63.91946,-63.919796
10.557921,-63.919796,-63.920368
10.578649,-63.920368,-63.921402
10.599353,-63.921402,-63.922966
10.620329,-63.922966,-63.924851
10.642264,-63.924851,-63.926379
10.662278,-63.926379,-63.927448
10.683259,-63.927448,-63.927865
10.704672,-63.927865,-63.927752
10.726429,-63.927752,-63.927191
10.748199,-63.927191,-63.926869
10.768295,-63.926869,-63.927361
10.790594,-63.927361,-63.928107
10.812151,-63.928107,-63.928987
10.832792,-63.928987,-63.929713
10.853385,-63.929713,-63.93008
10.875828,-63.93008,-63.92991
10.898575,-63.92991,-63.929421
10.920072,-63.929421,-63.929047
10.940486,-63.929047,-63.928847
10.963482,-63.928847,-63.929084
10.985141,-63.929084,-63.929935
11.007298,-63.929935,-63.930491
11.028314,-63.930491,-63.930197
11.048502,-63.930197,-63.929055
11.069542,-63.929055,-63.927821
11.09077,-63.927821,-63.927113
11.113149,-63.927113,-63.927563
11.135649,-63.927563,-63.929285
11.15759,-63.929285,-63.931693
11.178513,-63.931693,-63.933318
11.199942,-63.933318,-63.933645
11.220373,-63.933645,-63.932729
11.24173,-63.932729,-63.930908
11.262426,-63.930908,-63.928436
11.283392,-63.928436,-63.926013
11.303822,-63.926013,-63.924483
11.325248,-63.924483,-63.923713
11.347557,-63.923713,-63.923505
11.368002,-63.923505,-63.923926
11.388802,-63.923926,-63.924875
11.409969,-63.924875,-63.92587
11.432132,-63.92587,-63.926443
11.453399,-63.926443,-63.927167
11.475297,-63.927167,-63.928003
11.495922,-63.928003,-63.928559
11.517382,-63.928559,-63.929031
11.537659,-63.929031,-63.929786
11.559531,-63.929786,-63.93064
11.580122,-63.93064,-63.9315
11.600631,-63.9315,-63.9324
11.620838,-63.9324,-63.933062
11.641471,-63.933062,-63.933117
11.663277,-63.933117,-63.932484
11.68523,-63.932484,-63.931285
11.705384,-63.931285,-63.930097
11.726449,-63.930097,-63.929692
11.747366,-63.929692,-63.930503
11.769368,-63.930503,-63.932096
11.79044,-63.932096,-63.933514
11.810817,-63.933514,-63.934698
11.831855,-63.934698,-63.935292
11.85217,-63.935292,-63.935092
11.872233,-63.935092,-63.934533
11.893022,-63.934533,-63.934135
11.913107,-63.934135,-63.933911
11.935629,-63.933911,-63.933575
11.95833,-63.933575,-63.933505
11.981538,-63.933505,-63.93411
12.00339,-63.93411,-63.935219
12.023853,-63.935219,-63.93671
12.044737,-63.93671,-63.93818
12.065189,-63.93818,-63.93944
12.085996,-63.93944,-63.940362
12.107965,-63.940362,-63.941208
12.128588,-63.941208,-63.942077
12.14887,-63.942077,-63.942589
12.170195,-63.942589,-63.942821
12.191814,-63.942821,-63.94263
12.214442,-63.94263,-63.942135
12.235645,-63.942135,-63.941777
12.256407,-63.941777,-63.941719
12.279485,-63.941719,-63.942358
12.300654,-63.942358,-63.943085
12.321675,-63.943085,-63.943681
12.343559,-63.943681,-63.944373
12.365347,-63.944373,-63.945213
12.386309,-63.945213,-63.945823
12.407249,-63.945823,-63.945882
12.430319,-63.945882,-63.946009
12.453373,-63.946009,-63.946105
12.47583,-63.946105,-63.946015
12.498451,-63.946015,-63.945686
12.519859,-63.945686,-63.945098
12.54006,-63.945098,-63.944224
12.561267,-63.944224,-63.943025
12.583179,-63.943025,-63.942367
12.603189,-63.942367,-63.942585
12.625605,-63.942585,-63.943556
12.647485,-63.943556,-63.944763
12.669198,-63.944763,-63.945786
12.690981,-63.945786,-63.946406
12.711987,-63.946406,-63.947106
12.733552,-63.947106,-63.947669
12.755526,-63.947669,-63.948288
12.777626,-63.948288,-63.948993
12.799576,-63.948993,-63.949862
12.820177,-63.949862,-63.950607
12.840884,-63.950607,-63.951183
12.862407,-63.951183,-63.951836
12.884784,-63.951836,-63.952305
12.906744,-63.952305,-63.952416
12.927145,-63.952416,-63.952902
12.947899,-63.952902,-63.954068
12.968327,-63.954068,-63.955177
12.989696,-63.955177,-63.955715
13.010514,-63.955715,-63.955571
13.030974,-63.955571,-63.954723
13.051161,-63.954723,-63.953611
13.073254,-63.953611,-63.952683
13.095314,-63.952683,-63.952657
13.116617,-63.952657,-63.953306
13.137709,-63.953306,-63.954223
13.158431,-63.954223,-63.955069
13.178519,-63.955069,-63.955456
13.200448,-63.955456,-63.955493
13.223268,-63.955493,-63.955165
13.243271,-63.955165,-63.954789
13.26365,-63.954789,-63.954858
13.285846,-63.954858,-63.955185
13.306766,-63.955185,-63.955941
13.326784,-63.955941,-63.957366
13.348467,-63.957366,-63.95898
13.368838,-63.95898,-63.96094
13.390697,-63.96094,-63.963021
13.412116,-63.963021,-63.964944
13.433506,-63.964944,-63.966073
13.454075,-63.966073,-63.966589
13.475192,-63.966589,-63.967126
13.495312,-63.967126,-63.967786
13.516837,-63.967786,-63.968098
13.537615,-63.968098,-63.968508
13.559125,-63.968508,-63.968705
13.58051,-63.968705,-63.968332
13.601755,-63.968332,-63.967997
13.622699,-63.967997,-63.968239
13.644125,-63.968239,-63.968633
13.665011,-63.968633,-63.968917
13.687356,-63.968917,-63.969517
13.708185,-63.969517,-63.969727
13.731085,-63.969727,-63.968769
13.751625,-63.968769,-63.968507
13.77235,-63.968507,-63.972158
13.793292,-63.972158,-63.983228
13.814446,-63.983228,-64.002819
13.835432,-64.002819,-64.030264
13.855944,-64.030264,-64.063645
13.876641,-64.063645,-64.097402
13.897005,-64.097402,-64.128475
13.917578,-64.128475,-64.155221
13.938734,-64.155221,-64.175532
13.959633,-64.175532,-64.190227
13.98044,-64.190227,-64.199655
14.001439,-64.199655,-64.203642
14.021957,-64.203642,-64.202319
14.042236,-64.202319,-64.192927
14.063452,-64.192927,-64.171591
14.084503,-64.171591,-64.13347
14.105343,-64.13347,-64.073004
14.126338,-64.073004,-63.989565
14.146788,-63.989565,-63.881606
14.166999,-63.881606,-63.749014
14.187183,-63.749014,-63.592572
14.207506,-63.592572,-63.412356
14.228069,-63.412356,-63.216805
14.248138,-63.216805,-62.999088
14.268582,-62.999088,-62.768623
14.288658,-62.768623,-62.517349
14.309175,-62.517349,-62.255292
14.329395,-62.255292,-61.973668
14.350091,-61.973668,-61.683214
14.370538,-61.683214,-61.385036
14.390761,-61.385036,-61.080671
14.410786,-61.080671,-60.759984
14.431341,-60.759984,-60.434587
14.451723,-60.434587,-60.1049
14.471943,-60.1049,-59.77126
14.492008,-59.77126,-59.42262
14.512608,-59.42262,-59.071382
14.533062,-59.071382,-58.718949
14.553388,-58.718949,-58.366918
14.573608,-58.366918,-58.015908
14.593737,-58.015908,-57.66661
14.613785,-57.66661,-57.308022
14.634426,-57.308022,-56.952276
14.654999,-56.952276,-56.600256
14.675513,-56.600256,-56.253141
14.695988,-56.253141,-55.91126
14.716435,-55.91126,-55.575404
14.736865,-55.575404,-55.246419
14.757293,-55.246419,-54.925182
14.777739,-54.925182,-54.612321
14.798217,-54.612321,-54.308693
14.818745,-54.308693,-54.01556
14.839349,-54.01556,-53.74252
14.859386,-53.74252,-53.480238
14.879537,-53.480238,-53.229424
14.899821,-53.229424,-52.990837
14.920271,-52.990837,-52.764943
14.940914,-52.764943,-52.559546
14.961088,-52.559546,-52.36827
14.98153,-52.36827,-52.197973
15.001584,-52.197973,-52.042495
15.022012,-52.042495,-51.907043
15.042134,-51.907043,-51.786261
15.06275,-51.786261,-51.68409
15.083168,-51.68409,-51.599706
15.103445,-51.599706,-51.532773
15.123707,-51.532773,-51.482751
15.144161,-51.482751,-51.450691
15.164198,-51.450691,-51.435103
15.184455,-51.435103,-51.436788
15.205861,-51.436788,-51.456226
15.226413,-51.456226,-51.491532
15.246601,-51.491532,-51.543115
15.266996,-51.543115,-51.609078
15.28714,-51.609078,-51.688876
15.307327,-51.688876,-51.7822
15.327727,-51.7822,-51.889571
15.348424,-51.889571,-52.006916
15.368684,-52.006916,-52.138036
15.389352,-52.138036,-52.277468
15.409728,-52.277468,-52.424303
15.429869,-52.424303,-52.583647
15.450555,-52.583647,-52.749092
15.471081,-52.749092,-52.919722
15.491488,-52.919722,-53.095131
15.5118,-53.095131,-53.275177
15.53203,-53.275177,-53.459165
15.552196,-53.459165,-53.646456
15.572318,-53.646456,-53.836918
15.592409,-53.836918,-54.030087
15.612479,-54.030087,-54.225252
15.632544,-54.225252,-54.421529
15.652626,-54.421529,-54.61726
15.672758,-54.61726,-54.811058
15.692977,-54.811058,-55.001078
15.713325,-55.001078,-55.185075
15.733861,-55.185075,-55.355979
15.753883,-55.355979,-55.51979
15.774148,-55.51979,-55.676036
15.794683,-55.676036,-55.819269
15.814733,-55.819269,-55.955374
15.835068,-55.955374,-56.084469
15.855703,-56.084469,-56.202605
15.875823,-56.202605,-56.315147
15.896217,-56.315147,-56.422705
15.916878,-56.422705,-56.521884
15.936943,-56.521884,-56.617032
15.957233,-56.617032,-56.707655
15.977776,-56.707655,-56.793347
15.998607,-56.793347,-56.870748
16.018876,-56.870748,-56.944107
16.039442,-56.944107,-57.013939
16.060284,-57.013939,-57.077707
16.08047,-57.077707,-57.13912
16.100877,-57.13912,-57.198328
16.12148,-57.198328,-57.254844
16.14231,-57.254844,-57.306069
16.162446,-57.306069,-57.354641
16.18285,-57.354641,-57.400526
16.20354,-57.400526,-57.444045
16.224523,-57.444045,-57.483793
16.244742,-57.483793,-57.522075
16.265161,-57.522075,-57.559118
16.285766,-57.559118,-57.594748
16.306557,-57.594748,-57.628859
16.327568,-57.628859,-57.659652
16.34776,-57.659652,-57.688477
16.368248,-57.688477,-57.715639
16.38906,-57.715639,-57.741708
16.410125,-57.741708,-57.76529
16.430292,-57.76529,-57.787647
16.450711,-57.787647,-57.809031
16.471372,-57.809031,-57.82924
16.492287,-57.82924,-57.846792
16.512366,-57.846792,-57.861755
16.533034,-57.861755,-57.872355
16.553513,-57.872355,-57.877498
16.574796,-57.877498,-57.87469
16.596392,-57.87469,-57.862285
16.61729,-57.862285,-57.840201
16.637514,-57.840201,-57.806706
16.658161,-57.806706,-57.762807
16.678587,-57.762807,-57.707984
16.699045,-57.707984,-57.641817
16.71967,-57.641817,-57.563949
16.740552,-57.563949,-57.477759
16.760874,-57.477759,-57.379142
16.781568,-57.379142,-57.272129
16.801807,-57.272129,-57.152642
16.822478,-57.152642,-57.025675
16.842797,-57.025675,-56.891618
16.862803,-56.891618,-56.744793
16.883306,-56.744793,-56.59052
16.903516,-56.59052,-56.422232
16.92421,-56.422232,-56.245588
16.944611,-56.245588,-56.061264
16.96474,-56.061264,-55.862495
16.985357,-55.862495,-55.656334
17.005728,-55.656334,-55.443264
17.025872,-55.443264,-55.215491
17.046509,-55.215491,-54.980735
17.066927,-54.980735,-54.738909
17.087132,-54.738909,-54.490646
17.107132,-54.490646,-54.22818
17.12763,-54.22818,-53.960306
17.147949,-53.960306,-53.687613
17.168099,-53.687613,-53.401354
17.188756,-53.401354,-53.110789
17.209255,-53.110789,-52.815854
17.229596,-52.815854,-52.517058
17.249785,-52.517058,-52.215125
17.269835,-52.215125,-51.900572
17.290394,-51.900572,-51.584051
17.310825,-51.584051,-51.266237
17.331143,-51.266237,-50.947571
17.351355,-50.947571,-50.628748
17.37147,-50.628748,-50.310276
17.3915,-50.310276,-49.983053
17.412075,-49.983053,-49.658212
17.432587,-49.658212,-49.33674
17.453052,-49.33674,-49.019732
17.473489,-49.019732,-48.707759
17.493912,-48.707759,-48.401569
17.514334,-48.401569,-48.102328
17.534776,-48.102328,-47.810798
17.555258,-47.810798,-47.527718
17.575798,-47.527718,-47.254363
17.596421,-47.254363,-46.999304
17.616526,-46.999304,-46.754667
17.636757,-46.754667,-46.521397
17.657144,-46.521397,-46.300235
17.677719,-46.300235,-46.098456
17.697868,-46.098456,-45.909731
17.718276,-45.909731,-45.740287
17.738319,-45.740287,-45.584881
17.758712,-45.584881,-45.448878
17.778837,-45.448878,-45.327891
17.79943,-45.327891,-45.226356
17.819856,-45.226356,-45.143383
17.840214,-45.143383,-45.078513
17.86066,-45.078513,-45.031657
17.881479,-45.031657,-45.004347
17.902365,-45.004347,-44.996644
17.922713,-44.996644,-45.006733
17.943001,-45.006733,-45.035617
17.963902,-45.035617,-45.081207
17.984188,-45.081207,-45.144424
18.004757,-45.144424,-45.223588
18.025137,-45.223588,-45.319016
18.045536,-45.319016,-45.430891
18.066092,-45.430891,-45.554668
18.086188,-45.554668,-45.693486
18.106607,-45.693486,-45.84209
18.126706,-45.84209,-46.005618
18.147215,-46.005618,-46.177826
18.167489,-46.177826,-46.357973
18.187576,-46.357973,-46.551544
18.208173,-46.551544,-46.751746
18.228642,-46.751746,-46.957813
18.249013,-46.957813,-47.168691
18.269314,-47.168691,-47.383795
18.289569,-47.383795,-47.602743
18.30979,-47.602743,-47.824659
18.329997,-47.824659,-48.049397
18.3502,-48.049397,-48.276422
18.370409,-48.276422,-48.504703
18.390642,-48.504703,-48.732239
18.410934,-48.732239,-48.956733
18.431334,-48.956733,-49.17646
18.451885,-49.17646,-49.382341
18.471964,-49.382341,-49.580021
18.492282,-49.580021,-49.769061
18.512869,-49.769061,-49.943437
18.533043,-49.943437,-50.10948
18.553502,-50.10948,-50.261668
18.573544,-50.261668,-50.406526
18.593876,-50.406526,-50.545165
18.614479,-50.545165,-50.673055
18.634595,-50.673055,-50.795293
18.654967,-50.795293,-50.912243
18.675596,-50.912243,-51.020024
18.695703,-51.020024,-51.12296
18.716061,-51.12296,-51.221393
18.736673,-51.221393,-51.31207
18.756728,-51.31207,-51.399022
18.777013,-51.399022,-51.48207
18.797539,-51.48207,-51.561219
18.818328,-51.561219,-51.634017
18.838523,-51.634017,-51.703872
18.858942,-51.703872,-51.771162
18.87958,-51.771162,-51.836268
18.900406,-51.836268,-51.896252
18.920558,-51.896252,-51.953819
18.940924,-51.953819,-52.009158
18.961505,-52.009158,-52.062483
18.982292,-52.062483,-52.111688
19.002363,-52.111688,-52.159488
19.022606,-52.159488,-52.206199
19.042986,-52.206199,-52.251385
19.063513,-52.251385,-52.294437
19.084262,-52.294437,-52.333356
19.104326,-52.333356,-52.37042
19.124651,-52.37042,-52.405933
19.14521,-52.405933,-52.44017
19.165976,-52.44017,-52.473385
19.186918,-52.473385,-52.504181
19.207003,-52.504181,-52.533779
19.227255,-52.533779,-52.561728
19.247757,-52.561728,-52.587974
19.26857,-52.587974,-52.611762
19.288609,-52.611762,-52.634851
19.308835,-52.634851,-52.657431
19.329185,-52.657431,-52.678888
19.349724,-52.678888,-52.698774
19.370571,-52.698774,-52.714295
19.390953,-52.714295,-52.72359
19.411682,-52.72359,-52.723938
19.433067,-52.723938,-52.712707
19.454201,-52.712707,-52.689934
19.474415,-52.689934,-52.655015
19.494735,-52.655015,-52.606936
19.51566,-52.606936,-52.550628
19.535663,-52.550628,-52.483581
19.555856,-52.483581,-52.405131
19.576297,-52.405131,-52.314242
19.597007,-52.314242,-52.214003
19.617189,-52.214003,-52.10006
19.637684,-52.10006,-51.977028
19.657742,-51.977028,-51.840623
19.678188,-51.840623,-51.695679
19.698286,-51.695679,-51.536761
19.718796,-51.536761,-51.369455
19.738999,-51.369455,-51.187665
19.759624,-51.187665,-50.997653
19.77997,-50.997653,-50.799907
19.800059,-50.799907,-50.587856
19.820594,-50.587856,-50.368319
19.840896,-50.368319,-50.141405
19.860971,-50.141405,-49.899941
19.881494,-49.899941,-49.65145
19.901806,-49.65145,-49.395804
19.92191,-49.395804,-49.12485
19.942451,-49.12485,-48.847356
19.962792,-48.847356,-48.564108
19.982948,-48.564108,-48.266636
20.003556,-48.266636,-47.96452
20.023997,-47.96452,-47.658196
20.044284,-47.658196,-47.347662
20.064419,-47.347662,-47.023837
20.085011,-47.023837,-46.697098
20.105462,-46.697098,-46.3685
20.125788,-46.3685,-46.039149
20.146005,-46.039149,-45.709865
20.16613,-45.709865,-45.380813
20.186168,-45.380813,-45.043907
20.206621,-45.043907,-44.710514
20.226854,-44.710514,-44.381296
20.246884,-44.381296,-44.047872
20.267291,-44.047872,-43.720796
20.287523,-43.720796,-43.401171
20.307606,-43.401171,-43.081418
20.328117,-43.081418,-42.771286
20.348523,-42.771286,-42.471449
20.368847,-42.471449,-42.182485
20.389114,-42.182485,-41.904889
20.409349,-41.904889,-41.639105
20.429577,-41.639105,-41.385944
20.44983,-41.385944,-41.145859
20.470141,-41.145859,-40.919243
20.490544,-40.919243,-40.706971
20.511082,-40.706971,-40.514852
20.531245,-40.514852,-40.33748
20.551638,-40.33748,-40.180379
20.571757,-40.180379,-40.039819
20.592266,-40.039819,-39.920517
20.612697,-39.920517,-39.821855
20.633165,-39.821855,-39.743238
20.65382,-39.743238,-39.686455
20.674232,-39.686455,-39.650404
20.694789,-39.650404,-39.634648
20.715633,-39.634648,-39.639212
20.735922,-39.639212,-39.664155
20.75628,-39.664155,-39.709106
20.776664,-39.709106,-39.772874
20.79684,-39.772874,-39.856476
20.817258,-39.856476,-39.957907
20.837498,-39.957907,-40.077255
20.857727,-40.077255,-40.214266
20.878071,-40.214266,-40.368902
20.89862,-40.368902,-40.536008
20.918873,-40.536008,-40.714681
20.938907,-40.714681,-40.909637
20.95934,-40.909637,-41.114911
20.979653,-41.114911,-41.329803
20.999886,-41.329803,-41.553544
21.020075,-41.553544,-41.78569
21.04025,-41.78569,-42.025478
21.060433,-42.025478,-42.271956
21.080658,-42.271956,-42.525176
21.100942,-42.525176,-42.78443
21.121297,-42.78443,-43.048254
21.141758,-43.048254,-43.307261
21.161785,-43.307261,-43.56613
21.181995,-43.56613,-43.822405
21.202437,-43.822405,-44.066021
21.222569,-44.066021,-44.302059
21.24303,-44.302059,-44.523159
21.263234,-44.523159,-44.73615
21.283794,-44.73615,-44.935184
21.304077,-44.935184,-45.126921
21.324703,-45.126921,-45.305696
21.345018,-45.305696,-45.477655
21.365666,-45.477655,-45.637375
21.385955,-45.637375,-45.790048
21.406508,-45.790048,-45.930907
21.42664,-45.930907,-46.06591
21.447028,-46.06591,-46.195504
21.467659,-46.195504,-46.315307
21.487818,-46.315307,-46.430105
21.508221,-46.430105,-46.540517
21.528857,-46.540517,-46.642711
21.548978,-46.642711,-46.740319
21.56934,-46.740319,-46.833673
21.589955,-46.833673,-46.920045
21.610032,-46.920045,-47.002708
21.630336,-47.002708,-47.081729
21.650886,-47.081729,-47.157857
21.671663,-47.157857,-47.228749
21.691822,-47.228749,-47.296876
21.71218,-47.296876,-47.362548
21.732748,-47.362548,-47.42647
21.753487,-47.42647,-47.485993
21.773549,-47.485993,-47.543241
21.793802,-47.543241,-47.598611
21.814247,-47.598611,-47.652315
21.834861,-47.652315,-47.703915
21.855667,-47.703915,-47.751036
21.875838,-47.751036,-47.796063
21.896247,-47.796063,-47.839036
21.916897,-47.839036,-47.880072
21.937792,-47.880072,-47.917953
21.95799,-47.917953,-47.955246
21.978314,-47.955246,-47.992115
21.998708,-47.992115,-48.028067
22.019204,-48.028067,-48.062784
22.039866,-48.062784,-48.096352
22.060708,-48.096352,-48.127239
22.080775,-48.127239,-48.156798
22.101047,-48.156798,-48.185053
22.121549,-48.185053,-48.211897
22.142292,-48.211897,-48.235991
22.162321,-48.235991,-48.25895
22.182619,-48.25895,-48.281409
22.203093,-48.281409,-48.303662
22.223639,-48.303662,-48.324741
22.244335,-48.324741,-48.341894
22.264494,-48.341894,-48.353497
22.284708,-48.353497,-48.356721
22.305609,-48.356721,-48.348507
22.326548,-48.348507,-48.327378
22.347509,-48.327378,-48.293693
22.3681,-48.293693,-48.248208
22.388155,-48.248208,-48.188054
22.40889,-48.188054,-48.114839
22.429587,-48.114839,-48.031898
22.44959,-48.031898,-47.936292
22.469814,-47.936292,-47.827743
22.490308,-47.827743,-47.710244
22.510363,-47.710244,-47.579129
22.530751,-47.579129,-47.43322
22.551458,-47.43322,-47.277197
22.571781,-47.277197,-47.105716
22.592439,-47.105716,-46.924702
22.612767,-46.924702,-46.734973
22.632802,-46.734973,-46.530526
22.653231,-46.530526,-46.317787
22.673404,-46.317787,-46.089268
22.693967,-46.089268,-45.851943
22.714275,-45.851943,-45.606107
22.734342,-45.606107,-45.344072
22.754789,-45.344072,-45.075322
22.774925,-45.075322,-44.792081
22.795335,-44.792081,-44.503228
22.815419,-44.503228,-44.200733
22.835768,-44.200733,-43.893465
22.8558,-43.893465,-43.573354
22.876088,-43.573354,-43.240655
22.89662,-43.240655,-42.9048
22.916838,-42.9048,-42.557603
22.937295,-42.557603,-42.208935
22.957455,-42.208935,-41.850171
22.977851,-41.850171,-41.491454
22.997964,-41.491454,-41.124284
23.018317,-41.124284,-40.758092
23.038399,-40.758092,-40.384247
23.058713,-40.384247,-40.012525
23.078766,-40.012525,-39.634834
23.099055,-39.634834,-39.261406
23.119107,-39.261406,-38.884617
23.139414,-38.884617,-38.514837
23.159521,-38.514837,-38.144714
23.179916,-38.144714,-37.783078
23.200146,-37.783078,-37.430034
23.220223,-37.430034,-37.078269
23.240615,-37.078269,-36.736313
23.260881,-36.736313,-36.404626
23.281042,-36.404626,-36.083953
23.301118,-36.083953,-35.775037
23.321138,-35.775037,-35.472046
23.341571,-35.472046,-35.182479
23.362002,-35.182479,-34.912766
23.382014,-34.912766,-34.657271
23.402087,-34.657271,-34.416754
23.422262,-34.416754,-34.191411
23.44258,-34.191411,-33.985974
23.462619,-33.985974,-33.795685
23.482876,-33.795685,-33.624795
23.502936,-33.624795,-33.470095
23.523333,-33.470095,-33.336433
23.543703,-33.336433,-33.224678
23.564188,-33.224678,-33.138029
23.584478,-33.138029,-33.076235
23.604859,-33.076235,-33.040157
23.625303,-33.040157,-33.030368
23.646169,-33.030368,-33.046502
23.666306,-33.046502,-33.088869
23.686838,-33.088869,-33.154926
23.706872,-33.154926,-33.245836
23.727212,-33.245836,-33.360218
23.747652,-33.360218,-33.495251
23.767901,-33.495251,-33.651321
23.7881,-33.651321,-33.829055
23.808332,-33.829055,-34.028429
23.828674,-34.028429,-34.244139
23.848745,-34.244139,-34.480499
23.869068,-34.480499,-34.731286
23.889248,-34.731286,-34.995216
23.909344,-34.995216,-35.271307
23.929398,-35.271307,-35.558892
23.949444,-35.558892,-35.855845
23.969523,-35.855845,-36.159085
23.989693,-36.159085,-36.465012
24.010018,-36.465012,-36.763271
24.030101,-36.763271,-37.057575
24.050451,-37.057575,-37.339591
24.070636,-37.339591,-37.608931
24.090659,-37.608931,-37.871566
24.111002,-37.871566,-38.120717
24.131186,-38.120717,-38.35667
24.1512,-38.35667,-38.585478
24.171541,-38.585478,-38.801531
24.191695,-38.801531,-39.01071
24.212174,-39.01071,-39.20844
24.232437,-39.20844,-39.395576
24.252451,-39.395576,-39.577067
24.272752,-39.577067,-39.748043
24.292791,-39.748043,-39.913433
24.313121,-39.913433,-40.068746
24.333174,-40.068746,-40.218615
24.353517,-40.218615,-40.358989
24.373565,-40.358989,-40.494284
24.3939,-40.494284,-40.620752
24.413917,-40.620752,-40.74256
24.434213,-40.74256,-40.859666
24.454797,-40.859666,-40.969115
24.47503,-40.969115,-41.074866
24.495523,-41.074866,-41.174094
24.515613,-41.174094,-41.270336
24.535932,-41.270336,-41.363741
24.556473,-41.363741,-41.451089
24.57658,-41.451089,-41.535406
24.596923,-41.535406,-41.616684
24.617512,-41.616684,-41.692517
24.637649,-41.692517,-41.765661
24.658019,-41.765661,-41.836271
24.678626,-41.836271,-41.902336
24.698733,-41.902336,-41.966438
24.71904,-41.966438,-42.028476
24.739552,-42.028476,-42.088505
24.760282,-42.088505,-42.144791
24.780459,-42.144791,-42.199272
24.800826,-42.199272,-42.251472
24.821425,-42.251472,-42.299512
24.841516,-42.299512,-42.345688
24.861848,-42.345688,-42.390371
24.882395,-42.390371,-42.433603
24.903138,-42.433603,-42.474118
24.923262,-42.474118,-42.513738
24.943524,-42.513738,-42.551938
24.963963,-42.551938,-42.588224
24.984657,-42.588224,-42.621273
25.004802,-42.621273,-42.65277
25.025216,-42.65277,-42.683176
25.045864,-42.683176,-42.713097
25.066659,-42.713097,-42.742888
25.08752,-42.742888,-42.77071
25.107606,-42.77071,-42.797268
25.127894,-42.797268,-42.822166
25.14848,-42.822166,-42.844228
25.168525,-42.844228,-42.864476
25.188989,-42.864476,-42.883438
25.209838,-42.883438,-42.899759
25.230137,-42.899759,-42.911787
25.250306,-42.911787,-42.916955
25.27053,-42.916955,-42.912305
25.29055,-42.912305,-42.894387
25.311324,-42.894387,-42.862149
25.331826,-42.862149,-42.815126
25.352228,-42.815126,-42.752147
25.372932,-42.752147,-42.674755
25.393389,-42.674755,-42.582885
25.413754,-42.582885,-42.476542
25.434133,-42.476542,-42.354909
25.454566,-42.354909,-42.217695
25.475082,-42.217695,-42.069699
25.495091,-42.069699,-41.90689
25.515265,-41.90689,-41.728974
25.535611,-41.728974,-41.535683
25.556129,-41.535683,-41.332595
25.576242,-41.332595,-41.113817
25.596533,-41.113817,-40.878552
25.61698,-40.878552,-40.633254
25.637033,-40.633254,-40.371657
25.657239,-40.371657,-40.094058
25.677593,-40.094058,-39.800712
25.698091,-39.800712,-39.498886
25.718221,-39.498886,-39.180933
25.738478,-39.180933,-38.847132
25.758853,-38.847132,-38.505794
25.778861,-38.505794,-38.149272
25.798979,-38.149272,-37.777485
25.819196,-37.777485,-37.390351
25.839494,-37.390351,-36.988203
25.859861,-36.988203,-36.571185
25.880286,-36.571185,-36.148862
25.900335,-36.148862,-35.712909
25.920438,-35.712909,-35.263775
25.940586,-35.263775,-34.801806
25.960771,-34.801806,-34.326353
25.980975,-34.326353,-33.837236
26.001181,-33.837236,-33.335029
26.021378,-33.335029,-32.820097
26.041559,-32.820097,-32.292383
26.061713,-32.292383,-31.751752
26.081826,-31.751752,-31.198247
26.101888,-31.198247,-30.621187
26.122225,-30.621187,-30.028614
26.14246,-30.028614,-29.419151
26.162569,-29.419151,-28.780949
26.18285,-28.780949,-28.121225
26.202941,-28.121225,-27.425633
26.223113,-27.425633,-26.68873
26.243301,-26.68873,-25.903737
26.263436,-25.903737,-25.061473
26.283442,-25.061473,-24.136704
26.303494,-24.136704,-23.096768
26.32371,-23.096768,-21.911947
26.343906,-21.911947,-20.522535
26.364101,-20.522535,-18.838838
26.384226,-18.838838,-16.69646
26.404311,-16.69646,-13.780605
26.424405,-13.780605,-9.468522
26.444432,-9.468522,-3.074229
26.46465,-3.074229,4.107093
26.484717,4.107093,20.293064
26.504751,20.293064,35.588943
26.52476,35.588943,39.162252
26.544877,39.162252,39.522267
26.565022,39.522267,39.42041
26.585223,39.42041,39.163736
26.605254,39.163736,38.735808
26.625438,38.735808,38.092935
26.645504,38.092935,37.177387
26.665621,37.177387,35.94447
26.685631,35.94447,34.325642
26.705759,34.325642,32.278372
26.725806,32.278372,29.725764
26.745961,29.725764,26.680791
26.766014,26.680791,23.313159
26.786055,23.313159,20.04053
26.806106,20.04053,17.050504
26.826151,17.050504,14.126187
26.84625,14.126187,10.901308
26.866264,10.901308,6.800235
26.886377,6.800235,1.735427
26.906621,1.735427,-1.757934
26.927016,-1.757934,-3.3397
26.947157,-3.3397,-4.461589
26.967171,-4.461589,-5.863741
26.987198,-5.863741,-8.044073
27.007337,-8.044073,-11.112673
27.027496,-11.112673,-14.622054
27.04758,-14.622054,-18.259439
27.067657,-18.259439,-21.782978
27.087683,-21.782978,-25.024324
27.107845,-25.024324,-27.828334
27.12792,-27.828334,-30.198367
27.148182,-30.198367,-32.125032
27.168362,-32.125032,-33.660222
27.188391,-33.660222,-34.885664
27.208585,-34.885664,-35.839448
27.228691,-35.839448,-36.577365
27.248844,-36.577365,-37.134727
27.268859,-37.134727,-37.553629
27.289016,-37.553629,-37.858993
27.309241,-37.858993,-38.072809
27.329498,-38.072809,-38.214262
27.349807,-38.214262,-38.299273
27.370315,-38.299273,-38.3394
27.390796,-38.3394,-38.345674
27.411383,-38.345674,-38.326485
27.431763,-38.326485,-38.288361
27.45224,-38.288361,-38.23696
27.472578,-38.23696,-38.17654
27.492756,-38.17654,-38.109902
27.513126,-38.109902,-38.041365
27.533231,-38.041365,-37.970176
27.553873,-37.970176,-37.90027
27.574499,-37.90027,-37.834728
27.594537,-37.834728,-37.77151
27.614685,-37.77151,-37.711299
27.635001,-37.711299,-37.654098
27.655517,-37.654098,-37.602092
27.675577,-37.602092,-37.553649
27.695932,-37.553649,-37.508301
27.716582,-37.508301,-37.467957
27.736843,-37.467957,-37.431607
27.757548,-37.431607,-37.400454
27.778021,-37.400454,-37.374525
27.79836,-37.374525,-37.353312
27.818631,-37.353312,-37.336606
27.838926,-37.336606,-37.324156
27.859463,-37.324156,-37.315227
27.880408,-37.315227,-37.309849
27.901052,-37.309849,-37.307922
27.921247,-37.307922,-37.309277
27.941544,-37.309277,-37.313747
27.9617,-37.313747,-37.321328
27.982514,-37.321328,-37.331716
28.002797,-37.331716,-37.344718
28.022954,-37.344718,-37.359936
28.043337,-37.359936,-37.377425
28.064093,-37.377425,-37.39637
28.084421,-37.39637,-37.417469
28.105244,-37.417469,-37.439433
28.125812,-37.439433,-37.461703
28.146277,-37.461703,-37.484738
28.166642,-37.484738,-37.508387
28.186865,-37.508387,-37.532491
28.207002,-37.532491,-37.557007
28.227067,-37.557007,-37.581873
28.247074,-37.581873,-37.608088
28.267828,-37.608088,-37.634491
28.288549,-37.634491,-37.661041
28.309264,-37.661041,-37.688418
28.329895,-37.688418,-37.716055
28.350436,-37.716055,-37.7422
28.371119,-37.7422,-37.763765
28.391539,-37.763765,-37.77848
28.412333,-37.77848,-37.78229
28.432644,-37.78229,-37.77266
28.453468,-37.77266,-37.747683
28.473938,-37.747683,-37.706651
28.494313,-37.706651,-37.649598
28.514588,-37.649598,-37.574984
28.535055,-37.574984,-37.484488
28.555222,-37.484488,-37.378439
28.57525,-37.378439,-37.252689
28.595795,-37.252689,-37.110351
28.616308,-37.110351,-36.950678
28.636816,-36.950678,-36.773087
28.657331,-36.773087,-36.582348
28.677343,-36.582348,-36.373525
28.697402,-36.373525,-36.146632
28.717515,-36.146632,-35.90169
28.737687,-35.90169,-35.638543
28.757918,-35.638543,-35.357199
28.778204,-35.357199,-35.057375
28.798539,-35.057375,-34.738585
28.81891,-34.738585,-34.400198
28.839301,-34.400198,-34.042044
28.859698,-34.042044,-33.66408
28.880092,-33.66408,-33.26596
28.900469,-33.26596,-32.847459
28.920816,-32.847459,-32.408627
28.941121,-32.408627,-31.949472
28.961374,-31.949472,-31.469798
28.981562,-31.469798,-30.969331
29.001671,-30.969331,-30.447676
29.021687,-30.447676,-29.894336
29.041945,-29.894336,-29.317856
29.062059,-29.317856,-28.706712
29.082345,-28.706712,-28.068931
29.102428,-28.068931,-27.391816
29.122601,-27.391816,-26.67205
29.142815,-26.67205,-25.905153
29.163014,-25.905153,-25.085126
29.183136,-25.085126,-24.191382
29.203391,-24.191382,-23.224959
29.223406,-23.224959,-22.142533
29.243604,-22.142533,-20.917563
29.263816,-20.917563,-19.512635
29.283858,-19.512635,-17.834963
29.303949,-17.834963,-15.763033
29.323979,-15.763033,-13.035923
29.344148,-13.035923,-9.251319
29.36417,-9.251319,-3.986241
29.384259,-3.986241,1.786427
29.404525,1.786427,11.778848
29.424579,11.778848,28.031976
29.444661,28.031976,36.754041
29.464689,36.754041,38.746454
29.484938,38.746454,38.976155
29.505211,38.976155,38.801584
29.525459,38.801584,38.413809
29.545555,38.413809,37.784738
29.565735,37.784738,36.857447
29.585883,36.857447,35.563639
29.606061,35.563639,33.852974
29.626071,33.852974,31.641383
29.646126,31.641383,28.861673
29.666234,28.861673,25.531604
29.686374,25.531604,21.967802
29.706437,21.967802,18.601368
29.726514,18.601368,15.466727
29.746597,15.466727,12.269093
29.766614,12.269093,8.551761
29.786671,8.551761,3.884714
29.806846,3.884714,-0.530518
29.827339,-0.530518,-2.92259
29.847524,-2.92259,-4.44025
29.867621,-4.44025,-6.320571
29.887773,-6.320571,-9.407038
29.907886,-9.407038,-13.476563
29.928007,-13.476563,-17.726228
29.948009,-17.726228,-21.791495
29.968061,-21.791495,-25.420334
29.98815,-25.420334,-28.480005
30.008157,-28.480005,-30.992967
30.028247,-30.992967,-32.999429
30.048308,-32.999429,-34.592419
30.068557,-34.592419,-35.818881
30.088649,-35.818881,-36.769658
30.109002,-36.769658,-37.48658
30.129412,-37.48658,-38.01229
30.149676,-38.01229,-38.394046
30.170103,-38.394046,-38.659595
30.190646,-38.659595,-38.829347
30.210726,-38.829347,-38.93065
30.23098,-38.93065,-38.977425
30.251167,-38.977425,-38.982889
30.271651,-38.982889,-38.957292
30.291728,-38.957292,-38.908377
30.312319,-38.908377,-38.843664
30.332885,-38.843664,-38.768451
30.35335,-38.768451,-38.685906
30.374033,-38.685906,-38.601909
30.394474,-38.601909,-38.518772
30.41484,-38.518772,-38.437975
30.435243,-38.437975,-38.360318
30.455752,-38.360318,-38.28651
30.476431,-38.28651,-38.218855
30.496616,-38.218855,-38.155071
30.51702,-38.155071,-38.096148
30.537716,-38.096148,-38.044996
30.558123,-38.044996,-38.001008
30.578284,-38.001008,-37.962648
30.599036,-37.962648,-37.931218
30.619729,-37.931218,-37.905896
30.640431,-37.905896,-37.886231
30.661222,-37.886231,-37.872572
30.681419,-37.872572,-37.864162
30.702357,-37.864162,-37.861288
30.723309,-37.861288,-37.862996
30.743509,-37.862996,-37.869052
30.76364,-37.869052,-37.879656
30.784179,-37.879656,-37.893847
30.804188,-37.893847,-37.912527
30.825035,-37.912527,-37.934409
30.845055,-37.934409,-37.960426
30.865251,-37.960426,-37.99025
30.885741,-37.99025,-38.022125
30.905862,-38.022125,-38.056921
30.926525,-38.056921,-38.092962
30.947005,-38.092962,-38.129858
30.967369,-38.129858,-38.167629
30.987648,-38.167629,-38.206935
31.007792,-38.206935,-38.249614
31.028521,-38.249614,-38.294307
31.049051,-38.294307,-38.340743
31.069404,-38.340743,-38.388702
31.089617,-38.388702,-38.437495
31.109746,-38.437495,-38.487045
31.12983,-38.487045,-38.537186
31.149881,-38.537186,-38.587808
31.169914,-38.587808,-38.638629
31.189951,-38.638629,-38.689615
31.210005,-38.689615,-38.740771
31.230077,-38.740771,-38.792172
31.250161,-38.792172,-38.843176
31.270294,-38.843176,-38.894413
31.290468,-38.894413,-38.946223
31.310633,-38.946223,-38.998589
31.330783,-38.998589,-39.051717
31.350906,-39.051717,-39.105671
31.37099,-39.105671,-39.160008
31.391057,-39.160008,-39.214106
31.411158,-39.214106,-39.267566
31.43134,-39.267566,-39.320725
31.451598,-39.320725,-39.373446
31.47193,-39.373446,-39.426217
31.492315,-39.426217,-39.479384
31.51271,-39.479384,-39.53263
31.533121,-39.53263,-39.585698
31.553576,-39.585698,-39.638336
31.574096,-39.638336,-39.690277
31.594711,-39.690277,-39.741708
31.615416,-39.741708,-39.790586
31.635447,-39.790586,-39.839086
31.655561,-39.839086,-39.88755
31.675727,-39.88755,-39.936126
31.695921,-39.936126,-39.984906
31.716131,-39.984906,-40.033553
31.736368,-40.033553,-40.081551
31.756686,-40.081551,-40.128736
31.777107,-40.128736,-40.174552
31.797682,-40.174552,-40.219047
31.81844,-40.219047,-40.261109
31.838537,-40.261109,-40.303005
31.858709,-40.303005,-40.344889
31.878915,-40.344889,-40.386448
31.899169,-40.386448,-40.427426
31.919512,-40.427426,-40.467688
31.939954,-40.467688,-40.506943
31.960537,-40.506943,-40.545222
31.981271,-40.545222,-40.581129
32.001318,-40.581129,-40.616153
32.021499,-40.616153,-40.650042
32.041848,-40.650042,-40.682932
32.062379,-40.682932,-40.715197
32.08305,-40.715197,-40.746782
32.103839,-40.746782,-40.776033
32.123914,-40.776033,-40.802664
32.144306,-40.802664,-40.82251
32.164634,-40.82251,-40.83124
32.185238,-40.83124,-40.823941
32.206252,-40.823941,-40.797874
32.226515,-40.797874,-40.750002
32.247308,-40.750002,-40.681122
32.267889,-40.681122,-40.5931
32.287968,-40.5931,-40.481917
32.308469,-40.481917,-40.350315
32.32881,-40.350315,-40.197781
32.349076,-40.197781,-40.024079
32.369319,-40.024079,-39.82924
32.389578,-39.82924,-39.6133
32.409881,-39.6133,-39.375908
32.430241,-39.375908,-39.116513
32.450655,-39.116513,-38.834814
32.471118,-38.834814,-38.531046
32.49163,-38.531046,-38.213402
32.511679,-38.213402,-37.874695
32.53179,-37.874695,-37.515221
32.551961,-37.515221,-37.13445
32.572175,-37.13445,-36.731857
32.592413,-36.731857,-36.307537
32.61266,-36.307537,-35.861704
32.632902,-35.861704,-35.395446
32.653133,-35.395446,-34.909721
32.673349,-34.909721,-34.405409
32.693544,-34.405409,-33.883306
32.713711,-33.883306,-33.343407
32.73384,-33.343407,-32.785884
32.753915,-32.785884,-32.211583
32.773928,-32.211583,-31.609965
32.794245,-31.609965,-30.992792
32.81447,-30.992792,-30.360478
32.834597,-30.360478,-29.713283
32.854616,-29.713283,-29.040251
32.874862,-29.040251,-28.35259
32.894971,-28.35259,-27.637984
32.915254,-27.637984,-26.907136
32.935361,-26.907136,-26.146906
32.955584,-26.146906,-25.354326
32.975881,-25.354326,-24.536491
32.995907,-24.536491,-23.676317
33.015912,-23.676317,-22.754152
33.036108,-22.754152,-21.771136
33.056132,-21.771136,-20.698488
33.076149,-20.698488,-19.499089
33.096274,-19.499089,-18.137391
33.116326,-18.137391,-16.524543
33.136536,-16.524543,-14.566313
33.156616,-14.566313,-12.04982
33.176727,-12.04982,-8.620053
33.196915,-8.620053,-4.117491
33.21693,-4.117491,0.717446
33.237039,0.717446,7.638972
33.257087,7.638972,21.273347
33.277091,21.273347,32.956982
33.2971,32.956982,37.30981
33.317233,37.30981,38.259522
33.337458,38.259522,38.280776
33.357647,38.280776,37.971926
33.377897,37.971926,37.41059
33.397934,37.41059,36.541816
33.418133,36.541816,35.298666
33.438331,35.298666,33.621902
33.458345,33.621902,31.418833
33.478407,31.418833,28.616902
33.498524,28.616902,25.26784
33.518525,25.26784,21.656177
33.538619,21.656177,18.241742
33.558726,18.241742,15.047234
33.578818,15.047234,11.780269
33.598832,11.780269,8.019284
33.618847,8.019284,3.448916
33.638974,3.448916,-0.695848
33.659362,-0.695848,-3.070064
33.679775,-3.070064,-4.70642
33.700114,-4.70642,-6.794936
33.720155,-6.794936,-10.068112
33.740218,-10.068112,-14.034902
33.760305,-14.034902,-18.027125
33.780356,-18.027125,-21.751952
33.800367,-21.751952,-25.054805
33.820409,-25.054805,-27.880496
33.840583,-27.880496,-30.200566
33.860613,-30.200566,-32.090147
33.880682,-32.090147,-33.607777
33.900756,-33.607777,-34.816484
33.920859,-34.816484,-35.775635
33.941097,-35.775635,-36.522088
33.961248,-36.522088,-37.104327
33.981544,-37.104327,-37.55039
34.001843,-37.55039,-37.885652
34.022015,-37.885652,-38.138411
34.042491,-38.138411,-38.319347
34.062669,-38.319347,-38.448558
34.083086,-38.448558,-38.534498
34.103108,-38.534498,-38.589739
34.123458,-38.589739,-38.620027
34.143636,-38.620027,-38.632498
34.164184,-38.632498,-38.631825
34.184473,-38.631825,-38.621914
34.205449,-38.621914,-38.606167
34.226303,-38.606167,-38.58745
34.247037,-38.58745,-38.568377
34.267426,-38.568377,-38.549971
34.287852,-38.549971,-38.533048
34.308554,-38.533048,-38.519308
34.328889,-38.519308,-38.509325
34.349267,-38.509325,-38.503299
34.370336,-38.503299,-38.501677
34.391343,-38.501677,-38.504283
34.412129,-38.504283,-38.510907
34.432492,-38.510907,-38.521602
34.452689,-38.521602,-38.536574
34.473488,-38.536574,-38.555429
34.494225,-38.555429,-38.578653
34.515025,-38.578653,-38.60524
34.535112,-38.60524,-38.636158
34.555493,-38.636158,-38.671543
34.576229,-38.671543,-38.70993
34.596559,-38.70993,-38.752794
34.617336,-38.752794,-38.798024
34.63784,-38.798024,-38.84543
34.658127,-38.84543,-38.895033
34.678224,-38.895033,-38.949024
34.698892,-38.949024,-39.005339
34.719373,-39.005339,-39.063855
34.739699,-39.063855,-39.124531
34.759878,-39.124531,-39.186747
34.77995,-39.186747,-39.250328
34.799958,-39.250328,-39.31771
34.820636,-39.31771,-39.386182
34.841269,-39.386182,-39.455735
34.861873,-39.455735,-39.526286
34.882448,-39.526286,-39.59829
34.90299,-39.59829,-39.671835
34.923472,-39.671835,-39.746515
34.943919,-39.746515,-39.82253
34.964338,-39.82253,-39.900129
34.984712,-39.900129,-39.979251
35.005043,-39.979251,-40.060006
35.025331,-40.060006,-40.142323
35.045578,-40.142323,-40.226022
35.065795,-40.226022,-40.310557
35.086007,-40.310557,-40.395666
35.106239,-40.395666,-40.481497
35.126494,-40.481497,-40.568225
35.146762,-40.568225,-40.656
35.167037,-40.656,-40.744924
35.187308,-40.744924,-40.834559
35.207562,-40.834559,-40.92506
35.227797,-40.92506,-41.016383
35.248008,-41.016383,-41.108552
35.2682,-41.108552,-41.201927
35.28836,-41.201927,-41.29652
35.30848,-41.29652,-41.392124
35.328567,-41.392124,-41.488299
35.34864,-41.488299,-41.584759
35.368716,-41.584759,-41.68159
35.388802,-41.68159,-41.778944
35.408889,-41.778944,-41.876687
35.428979,-41.876687,-41.975049
35.449068,-41.975049,-42.073982
35.469153,-42.073982,-42.173058
35.489247,-42.173058,-42.272373
35.509358,-42.272373,-42.372166
35.529477,-42.372166,-42.47251
35.549596,-42.47251,-42.573236
35.569718,-42.573236,-42.674117
35.589854,-42.674117,-42.774896
35.610016,-42.774896,-42.875277
35.630216,-42.875277,-42.97495
35.650472,-42.97495,-43.074187
35.670781,-43.074187,-43.172979
35.691137,-43.172979,-43.270967
35.711552,-43.270967,-43.367946
35.732041,-43.367946,-43.464104
35.752601,-43.464104,-43.559466
35.77323,-43.559466,-43.654156
35.793922,-43.654156,-43.744732
35.813935,-43.744732,-43.834214
35.834021,-43.834214,-43.922055
35.854205,-43.922055,-44.007743
35.874524,-44.007743,-44.091673
35.894977,-44.091673,-44.173959
35.91555,-44.173959,-44.254279
35.936258,-44.254279,-44.329599
35.956342,-44.329599,-44.402793
35.976578,-44.402793,-44.473689
35.996988,-44.473689,-44.542445
36.017566,-44.542445,-44.608778
36.038336,-44.608778,-44.670604
36.058482,-44.670604,-44.730284
36.078803,-44.730284,-44.787178
36.09935,-44.787178,-44.841133
36.12017,-44.841133,-44.890344
36.140418,-44.890344,-44.937515
36.160915,-44.937515,-44.983149
36.181602,-44.983149,-45.027385
36.202467,-45.027385,-45.068389
36.222622,-45.068389,-45.107748
36.242973,-45.107748,-45.145161
36.26356,-45.145161,-45.18055
36.284428,-45.18055,-45.212506
36.304668,-45.212506,-45.243111
36.325166,-45.243111,-45.272459
36.345875,-45.272459,-45.300533
36.366813,-45.300533,-45.326343
36.387002,-45.326343,-45.351385
36.407361,-45.351385,-45.375917
36.427849,-45.375917,-45.399935
36.448446,-45.399935,-45.423671
36.469133,-45.423671,-45.447207
36.489864,-45.447207,-45.469678
36.51075,-45.469678,-45.490218
36.530866,-45.490218,-45.510468
36.551107,-45.510468,-45.530394
36.571431,-45.530394,-45.550308
36.591796,-45.550308,-45.570131
36.612182,-45.570131,-45.590057
36.63257,-45.590057,-45.61009
36.652932,-45.61009,-45.629958
36.673317,-45.629958,-45.649904
36.693711,-45.649904,-45.669814
36.714104,-45.669814,-45.689526
36.734537,-45.689526,-45.709183
36.755007,-45.709183,-45.729088
36.775458,-45.729088,-45.749348
36.795828,-45.749348,-45.769721
36.816161,-45.769721,-45.790466
36.836437,-45.790466,-45.811667
36.85662,-45.811667,-45.833299
36.876709,-45.833299,-45.856478
36.897705,-45.856478,-45.880131
36.918606,-45.880131,-45.904344
36.939405,-45.904344,-45.929048
36.960097,-45.929048,-45.954085
36.980722,-45.954085,-45.979524
37.001278,-45.979524,-46.005512
37.021752,-46.005512,-46.031826
37.042142,-46.031826,-46.058101
37.06252,-46.058101,-46.08424
37.082923,-46.08424,-46.110415
37.103345,-46.110415,-46.137138
37.123719,-46.137138,-46.164821
37.143958,-46.164821,-46.193609
37.164024,-46.193609,-46.225029
37.18485,-46.225029,-46.257331
37.20551,-46.257331,-46.289993
37.22609,-46.289993,-46.322964
37.246631,-46.322964,-46.356157
37.267139,-46.356157,-46.389317
37.287646,-46.389317,-46.422861
37.308137,-46.422861,-46.456991
37.328562,-46.456991,-46.491678
37.348913,-46.491678,-46.526623
37.369215,-46.526623,-46.56151
37.38952,-46.56151,-46.59669
37.409814,-46.59669,-46.631997
37.430086,-46.631997,-46.667227
37.450372,-46.667227,-46.703033
37.470628,-46.703033,-46.739437
37.490811,-46.739437,-46.776193
37.510941,-46.776193,-46.813046
37.531054,-46.813046,-46.850011
37.551166,-46.850011,-46.88737
37.571251,-46.88737,-46.925072
37.5913,-46.925072,-46.963331
37.611303,-46.963331,-47.004191
37.63213,-47.004191,-47.045816
37.652869,-47.045816,-47.087991
37.673539,-47.087991,-47.130198
37.694192,-47.130198,-47.172444
37.714855,-47.172444,-47.214965
37.735509,-47.214965,-47.257957
37.756132,-47.257957,-47.301862
37.776685,-47.301862,-47.346784
37.797137,-47.346784,-47.392459
37.817509,-47.392459,-47.438622
37.837824,-47.438622,-47.484792
37.858129,-47.484792,-47.530963
37.878451,-47.530963,-47.577578
37.898759,-47.577578,-47.624851
37.919018,-47.624851,-47.672785
37.939226,-47.672785,-47.721399
37.959375,-47.721399,-47.770817
37.979469,-47.770817,-47.821151
37.999484,-47.821151,-47.874255
38.020315,-47.874255,-47.928017
38.041104,-47.928017,-47.982437
38.061842,-47.982437,-48.037241
38.08255,-48.037241,-48.092686
38.103231,-48.092686,-48.148955
38.123856,-48.148955,-48.206341
38.144414,-48.206341,-48.264626
38.164896,-48.264626,-48.323731
38.185327,-48.323731,-48.383773
38.205699,-48.383773,-48.444577
38.226019,-48.444577,-48.506143
38.246295,-48.506143,-48.568686
38.266519,-48.568686,-48.631923
38.286694,-48.631923,-48.695911
38.306832,-48.695911,-48.760677
38.326929,-48.760677,-48.826379
38.346981,-48.826379,-48.896145
38.3678,-48.896145,-48.966759
38.388559,-48.966759,-49.037854
38.409295,-49.037854,-49.109609
38.43001,-49.109609,-49.181934
38.450704,-49.181934,-49.255162
38.471366,-49.255162,-49.329551
38.491978,-49.329551,-49.405199
38.51253,-49.405199,-49.482264
38.533013,-49.482264,-49.560229
38.553446,-49.560229,-49.639056
38.573845,-49.639056,-49.718563
38.594219,-49.718563,-49.798772
38.614573,-49.798772,-49.879852
38.634899,-49.879852,-49.96147
38.655205,-49.96147,-50.043278
38.675515,-50.043278,-50.125053
38.69584,-50.125053,-50.206171
38.716214,-50.206171,-50.286805
38.736644,-50.286805,-50.367176
38.757119,-50.367176,-50.447514
38.777625,-50.447514,-50.52802
38.798149,-50.52802,-50.608612
38.818686,-50.608612,-50.688769
38.839257,-50.688769,-50.767883
38.859899,-50.767883,-50.845547
38.880645,-50.845547,-50.918393
38.900681,-50.918393,-50.989344
38.920859,-50.989344,-51.058383
38.941187,-51.058383,-51.125822
38.961662,-51.125822,-51.191731
38.982265,-51.191731,-51.255791
39.00302,-51.255791,-51.31561
39.023057,-51.31561,-51.373702
39.04324,-51.373702,-51.429112
39.063626,-51.429112,-51.481497
39.084293,-51.481497,-51.528825
39.104342,-51.528825,-51.573681
39.124673,-51.573681,-51.615862
39.145297,-51.615862,-51.653626
39.165298,-51.653626,-51.689504
39.185587,-51.689504,-51.723883
39.20611,-51.723883,-51.756235
39.226899,-51.756235,-51.784985
39.247023,-51.784985,-51.811782
39.267488,-51.811782,-51.836275
39.288355,-51.836275,-51.856734
39.308713,-51.856734,-51.874441
39.329762,-51.874441,-51.889071
39.350387,-51.889071,-51.901253
39.370472,-51.901253,-51.911979
39.391184,-51.911979,-51.921793
39.412445,-51.921793,-51.930572
39.432776,-51.930572,-51.938805
39.453364,-51.938805,-51.945925
39.474493,-51.945925,-51.951418
39.495091,-51.951418,-51.955157
39.51548,-51.955157,-51.957163
39.53631,-51.957163,-51.957419
39.558369,-51.957419,-51.956513
39.578996,-51.956513,-51.954828
39.599123,-51.954828,-51.951903
39.6206,-51.951903,-51.948053
39.642054,-51.948053,-51.944375
39.663201,-51.944375,-51.941463
39.68333,-51.941463,-51.938956
39.704219,-51.938956,-51.937182
39.724347,-51.937182,-51.935719
39.745818,-51.935719,-51.933606
39.766814,-51.933606,-51.930613
39.787773,-51.930613,-51.927478
39.808023,-51.927478,-51.924548
39.828347,-51.924548,-51.921758
39.848953,-51.921758,-51.919266
39.869901,-51.919266,-51.91758
39.890194,-51.91758,-51.916568
39.910382,-51.916568,-51.916336
39.931733,-51.916336,-51.917287
39.951818,-51.917287,-51.91916
39.97344,-51.91916,-51.9214
39.993573,-51.9214,-51.923799
40.015054,-51.923799,-51.926444
40.03633,-51.926444,-51.929642
40.056852,-51.929642,-51.933778
40.078015,-51.933778,-51.938806
40.09827,-51.938806,-51.945178
40.119014,-51.945178,-51.952201
40.139159,-51.952201,-51.960102
40.160244,-51.960102,-51.968038
40.181214,-51.968038,-51.976311
40.202093,-51.976311,-51.984905
40.222727,-51.984905,-51.993711
40.243255,-51.993711,-52.003012
40.263582,-52.003012,-52.012753
40.28366,-52.012753,-52.023398
40.304813,-52.023398,-52.034237
40.325854,-52.034237,-52.045316
40.346806,-52.045316,-52.056932
40.367583,-52.056932,-52.068881
40.388174,-52.068881,-52.08125
40.408623,-52.08125,-52.094027
40.428907,-52.094027,-52.10704
40.449075,-52.10704,-52.120171
40.469185,-52.120171,-52.133545
40.489237,-52.133545,-52.148244
40.510327,-52.148244,-52.163583
40.531215,-52.163583,-52.179466
40.551916,-52.179466,-52.195725
40.572482,-52.195725,-52.212246
40.592955,-52.212246,-52.22885
40.613389,-52.22885,-52.245674
40.633783,-52.245674,-52.262848
40.654093,-52.262848,-52.280263
40.674332,-52.280263,-52.298029
40.694487,-52.298029,-52.31583
40.714589,-52.31583,-52.333233
40.734763,-52.333233,-52.350507
40.75501,-52.350507,-52.367844
40.775266,-52.367844,-52.385341
40.795503,-52.385341,-52.403188
40.815663,-52.403188,-52.421269
40.835757,-52.421269,-52.439643
40.855784,-52.439643,-52.459362
40.876848,-52.459362,-52.479404
40.89783,-52.479404,-52.499793
40.918743,-52.499793,-52.520659
40.939551,-52.520659,-52.54181
40.960278,-52.54181,-52.563077
40.980966,-52.563077,-52.58422
41.001658,-52.58422,-52.605027
41.022417,-52.605027,-52.625866
41.043225,-52.625866,-52.646798
41.064007,-52.646798,-52.668004
41.084766,-52.668004,-52.689968
41.105405,-52.689968,-52.71285
41.125857,-52.71285,-52.736351
41.146152,-52.736351,-52.760326
41.166345,-52.760326,-52.784562
41.18647,-52.784562,-52.808885
41.206568,-52.808885,-52.833135
41.226672,-52.833135,-52.857297
41.246802,-52.857297,-52.881665
41.26693,-52.881665,-52.906948
41.28695,-52.906948,-52.934117
41.307877,-52.934117,-52.961502
41.328752,-52.961502,-52.989125
41.349589,-52.989125,-53.016703
41.370419,-53.016703,-53.044273
41.391266,-53.044273,-53.072123
41.412095,-53.072123,-53.100667
41.432845,-53.100667,-53.130308
41.453441,-53.130308,-53.160704
41.473887,-53.160704,-53.191214
41.494286,-53.191214,-53.222204
41.514644,-53.222204,-53.253911
41.534912,-53.253911,-53.286119
41.555095,-53.286119,-53.31856
41.575236,-53.31856,-53.351285
41.595349,-53.351285,-53.384561
41.615412,-53.384561,-53.420376
41.636372,-53.420376,-53.456871
41.657243,-53.456871,-53.494541
41.677998,-53.494541,-53.533672
41.698578,-53.533672,-53.573904
41.719017,-53.573904,-53.61509
41.739341,-53.61509,-53.656984
41.759581,-53.656984,-53.699616
41.779751,-53.699616,-53.743258
41.799833,-53.743258,-53.79042
41.820746,-53.79042,-53.838971
41.841515,-53.838971,-53.88809
41.8622,-53.88809,-53.937675
41.882857,-53.937675,-53.988026
41.903461,-53.988026,-54.039187
41.924003,-54.039187,-54.091548
41.944465,-54.091548,-54.145598
41.964804,-54.145598,-54.201576
41.984994,-54.201576,-54.258989
42.005052,-54.258989,-54.319785
42.025947,-54.319785,-54.381447
42.046796,-54.381447,-54.444477
42.067569,-54.444477,-54.508863
42.088251,-54.508863,-54.574687
42.108845,-54.574687,-54.641966
42.129349,-54.641966,-54.710672
42.149768,-54.710672,-54.780913
42.170099,-54.780913,-54.852289
42.190358,-54.852289,-54.92439
42.210576,-54.92439,-54.997318
42.230762,-54.997318,-55.071015
42.250915,-55.071015,-55.145369
42.271043,-55.145369,-55.22026
42.291153,-55.22026,-55.29574
42.311248,-55.29574,-55.371746
42.331327,-55.371746,-55.448011
42.351404,-55.448011,-55.524287
42.371495,-55.524287,-55.600649
42.391603,-55.600649,-55.676808
42.411737,-55.676808,-55.752626
42.43191,-55.752626,-55.827972
42.452132,-55.827972,-55.903027
42.472399,-55.903027,-55.97757
42.492712,-55.97757,-56.050997
42.513103,-56.050997,-56.123
42.533599,-56.123,-56.192668
42.554248,-56.192668,-56.259532
42.575108,-56.259532,-56.320968
42.595272,-56.320968,-56.379788
42.615657,-56.379788,-56.436087
42.636277,-56.436087,-56.489994
42.657124,-56.489994,-56.538727
42.677279,-56.538727,-56.584494
42.697724,-56.584494,-56.626412
42.718565,-56.626412,-56.662408
42.738885,-56.662408,-56.694347
42.759763,-56.694347,-56.720634
42.780239,-56.720634,-56.741926
42.800351,-56.741926,-56.759928
42.821254,-56.759928,-56.77397
42.841866,-56.77397,-56.784123
42.862299,-56.784123,-56.790214
42.883096,-56.790214,-56.792294
42.903992,-56.792294,-56.790995
42.925248,-56.790995,-56.787147
42.945449,-56.787147,-56.781006
42.966374,-56.781006,-56.772932
42.98745,-56.772932,-56.763133
43.007571,-56.763133,-56.750508
43.02807,-56.750508,-56.734869
43.048967,-56.734869,-56.717448
43.069229,-56.717448,-56.697556
43.09022,-56.697556,-56.676649
43.110898,-56.676649,-56.654934
43.131361,-56.654934,-56.632417
43.151639,-56.632417,-56.609147
43.171742,-56.609147,-56.583952
43.192816,-56.583952,-56.557836
43.213715,-56.557836,-56.531339
43.234486,-56.531339,-56.504594
43.255205,-56.504594,-56.477079
43.275809,-56.477079,-56.448981
43.296286,-56.448981,-56.420714
43.316685,-56.420714,-56.392976
43.337116,-56.392976,-56.365942
43.357654,-56.365942,-56.339604
43.378302,-56.339604,-56.314251
43.399111,-56.314251,-56.289532
43.420077,-56.289532,-56.265011
43.441104,-56.265011,-56.240713
43.462171,-56.240713,-56.216711
43.483282,-56.216711,-56.194516
43.503361,-56.194516,-56.172964
43.523567,-56.172964,-56.152167
43.54392,-56.152167,-56.132118
43.564449,-56.132118,-56.112758
43.585145,-56.112758,-56.094126
43.606018,-56.094126,-56.07593
43.627047,-56.07593,-56.057738
43.64812,-56.057738,-56.039779
43.669217,-56.039779,-56.022148
43.690389,-56.022148,-56.00621
43.710531,-56.00621,-55.990867
43.730869,-55.990867,-55.976029
43.751367,-55.976029,-55.961915
43.772072,-55.961915,-55.94841
43.793011,-55.94841,-55.935343
43.814128,-55.935343,-55.92352
43.834178,-55.92352,-55.912035
43.854377,-55.912035,-55.900907
43.874732,-55.900907,-55.889894
43.89517,-55.889894,-55.87908
43.915685,-55.87908,-55.868452
43.936269,-55.868452,-55.858186
43.956996,-55.858186,-55.848137
43.977847,-55.848137,-55.838278
43.998802,-55.838278,-55.828488
44.019816,-55.828488,-55.818589
44.040822,-55.818589,-55.808773
44.061787,-55.808773,-55.799249
44.082886,-55.799249,-55.789862
44.104077,-55.789862,-55.780573
44.125332,-55.780573,-55.771172
44.146584,-55.771172,-55.761455
44.167708,-55.761455,-55.751606
44.188713,-55.751606,-55.741635
44.209652,-55.741635,-55.73181
44.230598,-55.73181,-55.721991
44.251594,-55.721991,-55.711765
44.272473,-55.711765,-55.701172
44.293151,-55.701172,-55.690502
44.313735,-55.690502,-55.679792
44.334286,-55.679792,-55.669119
44.354843,-55.669119,-55.658311
44.375367,-55.658311,-55.647241
44.395811,-55.647241,-55.6355
44.416048,-55.6355,-55.621954
44.437176,-55.621954,-55.60763
44.457934,-55.60763,-55.593337
44.478584,-55.593337,-55.5789
44.499236,-55.5789,-55.563156
44.519639,-55.563156,-55.543404
44.540577,-55.543404,-55.516731
44.561577,-55.516731,-55.480183
44.58234,-55.480183,-55.431353
44.60286,-55.431353,-55.368804
44.623237,-55.368804,-55.29181
44.64362,-55.29181,-55.199398
44.664109,-55.199398,-55.09086
44.684768,-55.09086,-54.970562
44.704855,-54.970562,-54.83365
44.725233,-54.83365,-54.679863
44.745927,-54.679863,-54.515174
44.766217,-54.515174,-54.333605
44.786884,-54.333605,-54.141576
44.807209,-54.141576,-53.939584
44.827223,-53.939584,-53.720307
44.847651,-53.720307,-53.490904
44.86779,-53.490904,-53.24351
44.888338,-53.24351,-52.986203
44.908616,-52.986203,-52.719507
44.92864,-52.719507,-52.434405
44.94908,-52.434405,-52.139995
44.969276,-52.139995,-51.827181
44.989884,-51.827181,-51.506351
45.01027,-51.506351,-51.178193
45.030448,-51.178193,-50.832757
45.051053,-50.832757,-50.48084
45.071463,-50.48084,-50.122901
45.091688,-50.122901,-49.759233
45.111734,-49.759233,-49.378992
45.132206,-49.378992,-48.993944
45.152504,-48.993944,-48.6052
45.172642,-48.6052,-48.202052
45.19322,-48.202052,-47.797084
45.213655,-47.797084,-47.392139
45.233969,-47.392139,-46.98784
45.254177,-46.98784,-46.585008
45.274287,-46.585008,-46.184347
45.294312,-46.184347,-45.775602
45.31483,-45.775602,-45.371614
45.335288,-45.371614,-44.973042
45.355698,-44.973042,-44.581618
45.37608,-44.581618,-44.199375
45.396462,-44.199375,-43.827426
45.416856,-43.827426,-43.46871
45.437172,-43.46871,-43.124425
45.457401,-43.124425,-42.795526
45.477578,-42.795526,-42.482521
45.497734,-42.482521,-42.186074
45.517904,-42.186074,-41.90762
45.538136,-41.90762,-41.648195
45.558484,-41.648195,-41.408952
45.579012,-41.408952,-41.196724
45.599213,-41.196724,-41.005411
45.619738,-41.005411,-40.840594
45.640084,-40.840594,-40.701582
45.660343,-40.701582,-40.588009
45.680643,-40.588009,-40.499582
45.701184,-40.499582,-40.438438
45.72158,-40.438438,-40.405194
45.741641,-40.405194,-40.398873
45.762538,-40.398873,-40.419246
45.782703,-40.419246,-40.467063
45.803441,-40.467063,-40.538509
45.823577,-40.538509,-40.634229
45.843859,-40.634229,-40.751627
45.863927,-40.751627,-40.890844
45.883978,-40.890844,-41.052119
45.904137,-41.052119,-41.235407
45.924501,-41.235407,-41.43459
45.944566,-41.43459,-41.655136
45.964991,-41.655136,-41.890236
45.985251,-41.890236,-42.138391
46.005405,-42.138391,-42.398678
46.025505,-42.398678,-42.670608
46.045582,-42.670608,-42.953054
46.06567,-42.953054,-43.245342
46.085801,-43.245342,-43.546257
46.106005,-43.546257,-43.85335
46.126323,-43.85335,-44.163223
46.146813,-44.163223,-44.462186
46.166891,-44.462186,-44.754479
46.187133,-44.754479,-45.037298
46.207595,-45.037298,-45.300766
46.227711,-45.300766,-45.552851
46.24811,-45.552851,-45.786339
46.268175,-45.786339,-46.009104
46.288531,-46.009104,-46.214899
46.308538,-46.214899,-46.411428
46.328828,-46.411428,-46.599058
46.349403,-46.599058,-46.771923
46.369596,-46.771923,-46.936733
46.390076,-46.936733,-47.088839
46.410143,-47.088839,-47.23445
46.43047,-47.23445,-47.373983
46.451052,-47.373983,-47.503227
46.471165,-47.503227,-47.627343
46.491511,-47.627343,-47.74595
46.512107,-47.74595,-47.854904
46.532226,-47.854904,-47.958863
46.55261,-47.958863,-48.058693
46.573238,-48.058693,-48.151191
46.593316,-48.151191,-48.240123
46.61361,-48.240123,-48.325494
46.634126,-48.325494,-48.407058
46.654884,-48.407058,-48.481954
46.675088,-48.481954,-48.553718
46.695526,-48.553718,-48.622478
46.716202,-48.622478,-48.686361
46.736244,-48.686361,-48.748135
46.756462,-48.748135,-48.807662
46.776874,-48.807662,-48.865096
46.797481,-48.865096,-48.920651
46.81828,-48.920651,-48.972589
46.838361,-48.972589,-49.023129
46.858579,-49.023129,-49.071998
46.878966,-49.071998,-49.119286
46.899527,-49.119286,-49.164814
46.920278,-49.164814,-49.206711
46.940326,-49.206711,-49.247169
46.960558,-49.247169,-49.286339
46.980969,-49.286339,-49.324376
47.00154,-49.324376,-49.361228
47.022272,-49.361228,-49.396942
47.043176,-49.396942,-49.429943
47.063288,-49.429943,-49.46191
47.083567,-49.46191,-49.493366
47.103974,-49.493366,-49.52456
47.12444,-49.52456,-49.555114
47.144987,-49.555114,-49.584747
47.165675,-49.584747,-49.613503
47.186523,-49.613503,-49.639842
47.206547,-49.639842,-49.665221
47.226764,-49.665221,-49.689624
47.247174,-49.689624,-49.713426
47.267747,-49.713426,-49.736225
47.288487,-49.736225,-49.75767
47.30951,-49.75767,-49.777215
47.329733,-49.777215,-49.79636
47.350103,-49.79636,-49.815292
47.37056,-49.815292,-49.83448
47.391006,-49.83448,-49.853613
47.411433,-49.853613,-49.872457
47.431905,-49.872457,-49.890378
47.452551,-49.890378,-49.907236
47.473486,-49.907236,-49.922351
47.493597,-49.922351,-49.936796
47.513955,-49.936796,-49.950921
47.534483,-49.950921,-49.964885
47.555077,-49.964885,-49.978399
47.57581,-49.978399,-49.991606
47.596658,-49.991606,-50.004043
47.617736,-50.004043,-50.01504
47.637946,-50.01504,-50.025192
47.658497,-50.025192,-50.034416
47.679512,-50.034416,-50.042536
47.699666,-50.042536,-50.049568
47.720259,-50.049568,-50.054001
47.740828,-50.054001,-50.054135
47.761152,-50.054135,-50.046319
47.782019,-50.046319,-50.027282
47.80262,-50.027282,-49.995335
47.822825,-49.995335,-49.947834
47.843244,-49.947834,-49.885312
47.86327,-49.885312,-49.80361
47.883967,-49.80361,-49.704655
47.904614,-49.704655,-49.587828
47.92532,-49.587828,-49.457239
47.94541,-49.457239,-49.308074
47.965695,-49.308074,-49.140297
47.986212,-49.140297,-48.960198
48.00631,-48.960198,-48.761756
48.026718,-48.761756,-48.551612
48.046777,-48.551612,-48.322362
48.067169,-48.322362,-48.080848
48.087236,-48.080848,-47.819155
48.107632,-47.819155,-47.54526
48.127725,-47.54526,-47.250838
48.148151,-47.250838,-46.945554
48.168307,-46.945554,-46.620175
48.188812,-46.620175,-46.283883
48.209062,-46.283883,-45.937264
48.229068,-45.937264,-45.570431
48.249422,-45.570431,-45.194729
48.269549,-45.194729,-44.80044
48.290039,-44.80044,-44.398943
48.310327,-44.398943,-43.99193
48.330373,-43.99193,-43.570709
48.350617,-43.570709,-43.135784
48.371037,-43.135784,-42.699918
48.391099,-42.699918,-42.253034
48.41134,-42.253034,-41.796636
48.431757,-41.796636,-41.343743
48.451852,-41.343743,-40.884178
48.472138,-40.884178,-40.418863
48.492609,-40.418863,-39.959991
48.512787,-39.959991,-39.498199
48.533166,-39.498199,-39.045494
48.553287,-39.045494,-38.59303
48.573635,-38.59303,-38.152731
48.59377,-38.152731,-37.715738
48.614169,-37.715738,-37.29348
48.634402,-37.29348,-36.887027
48.654503,-36.887027,-36.488763
48.674945,-36.488763,-36.109197
48.695321,-36.109197,-35.749117
48.715669,-35.749117,-35.40977
48.736034,-35.40977,-35.09216
48.756467,-35.09216,-34.803587
48.776575,-34.803587,-34.538167
48.796866,-34.538167,-34.302323
48.816963,-34.302323,-34.091077
48.837405,-34.091077,-33.909823
48.857833,-33.909823,-33.762059
48.877884,-33.762059,-33.643567
48.898208,-33.643567,-33.557165
48.918558,-33.557165,-33.504046
48.93883,-33.504046,-33.484177
48.958839,-33.484177,-33.497254
48.979101,-33.497254,-33.544815
48.999455,-33.544815,-33.624723
49.019509,-33.624723,-33.737979
49.039703,-33.737979,-33.883626
49.059888,-33.883626,-34.062792
49.0803,-34.062792,-34.272286
49.100608,-34.272286,-34.512264
49.120935,-34.512264,-34.782698
49.141381,-34.782698,-35.07683
49.161581,-35.07683,-35.392733
49.18162,-35.392733,-35.736825
49.202006,-35.736825,-36.10058
49.222352,-36.10058,-36.480835
49.242724,-36.480835,-36.864902
49.262747,-36.864902,-37.255894
49.282935,-37.255894,-37.648222
49.303368,-37.648222,-38.028399
49.323654,-38.028399,-38.393418
49.343826,-38.393418,-38.741714
49.363897,-38.741714,-39.08064
49.384358,-39.08064,-39.40171
49.404727,-39.40171,-39.705468
49.424986,-39.705468,-39.992497
49.445114,-39.992497,-40.270488
49.465618,-40.270488,-40.532677
49.485964,-40.532677,-40.779829
49.506127,-40.779829,-41.018858
49.526644,-41.018858,-41.243512
49.546952,-41.243512,-41.4543
49.567033,-41.4543,-41.657944
49.587448,-41.657944,-41.849274
49.607597,-41.849274,-42.034084
49.62806,-42.034084,-42.20702
49.648234,-42.20702,-42.373872
49.668721,-42.373872,-42.53001
49.688885,-42.53001,-42.680792
49.709343,-42.680792,-42.822101
49.729438,-42.822101,-42.959048
49.7498,-42.959048,-43.091677
49.770426,-43.091677,-43.215545
49.790651,-43.215545,-43.334786
49.811156,-43.334786,-43.445766
49.831249,-43.445766,-43.552811
49.851608,-43.552811,-43.656651
49.872216,-43.656651,-43.754316
49.892325,-43.754316,-43.849446
49.912637,-43.849446,-43.942001
49.933156,-43.942001,-44.031854
49.953892,-44.031854,-44.115905
49.974099,-44.115905,-44.197263
49.994527,-44.197263,-44.27621
50.015173,-44.27621,-44.350032
50.035255,-44.350032,-44.421687
50.055538,-44.421687,-44.491346
50.076021,-44.491346,-44.559403
50.096673,-44.559403,-44.626201
50.117452,-44.626201,-44.689452
50.137525,-44.689452,-44.751318
50.157708,-44.751318,-44.811498
50.17803,-44.811498,-44.869863
50.198515,-44.869863,-44.926629
50.21916,-44.926629,-44.98212
50.239948,-44.98212,-45.034648
50.260004,-45.034648,-45.08678
50.280123,-45.08678,-45.138512
50.300292,-45.138512,-45.189524
50.320527,-45.189524,-45.239557
50.340862,-45.239557,-45.288935
50.361292,-45.288935,-45.337574
50.381796,-45.337574,-45.385132
50.402415,-45.385132,-45.43175
50.423152,-45.43175,-45.477234
50.44401,-45.477234,-45.519822
50.464131,-45.519822,-45.561494
50.484368,-45.561494,-45.602396
50.504718,-45.602396,-45.643222
50.525127,-45.643222,-45.683992
50.545549,-45.683992,-45.724806
50.565988,-45.724806,-45.765604
50.586432,-45.765604,-45.806189
50.606903,-45.806189,-45.846671
50.627405,-45.846671,-45.88703
50.647932,-45.88703,-45.927441
50.668473,-45.927441,-45.967821
50.68902,-45.967821,-46.007438
50.709632,-46.007438,-46.046239
50.730358,-46.046239,-46.084376
50.751189,-46.084376,-46.120514
50.771189,-46.120514,-46.156943
50.791197,-46.156943,-46.195577
50.812068,-46.195577,-46.234927
50.832857,-46.234927,-46.274044
50.853633,-46.274044,-46.312495
50.874491,-46.312495,-46.34916
50.894492,-46.34916,-46.385715
50.914517,-46.385715,-46.422279
50.934562,-46.422279,-46.459137
50.954588,-46.459137,-46.495873
50.974619,-46.495873,-46.532423
50.994677,-46.532423,-46.568547
51.01479,-46.568547,-46.604517
51.034953,-46.604517,-46.640645
51.055117,-46.640645,-46.676709
51.075288,-46.676709,-46.71267
51.095482,-46.71267,-46.748727
51.115684,-46.748727,-46.784864
51.135882,-46.784864,-46.821071
51.156086,-46.821071,-46.85765
51.176263,-46.85765,-46.894506
51.196409,-46.894506,-46.931622
51.21653,-46.931622,-46.96899
51.236627,-46.96899,-47.006594
51.256702,-47.006594,-47.044417
51.276761,-47.044417,-47.082461
51.296797,-47.082461,-47.120608
51.31683,-47.120608,-47.158939
51.336845,-47.158939,-47.196989
51.356885,-47.196989,-47.234945
51.376961,-47.234945,-47.272995
51.397038,-47.272995,-47.310898
51.417136,-47.310898,-47.348877
51.437249,-47.348877,-47.386923
51.457354,-47.386923,-47.424813
51.477488,-47.424813,-47.463006
51.497613,-47.463006,-47.501516
51.517714,-47.501516,-47.540716
51.537762,-47.540716,-47.58275
51.558616,-47.58275,-47.625817
51.579363,-47.625817,-47.669886
51.599997,-47.669886,-47.714103
51.62058,-47.714103,-47.758135
51.641191,-47.758135,-47.802226
51.661812,-47.802226,-47.846174
51.682452,-47.846174,-47.890344
51.703105,-47.890344,-47.935188
51.723713,-47.935188,-47.98127
51.744231,-47.98127,-48.028843
51.764609,-48.028843,-48.077596
51.784864,-48.077596,-48.127138
51.805036,-48.127138,-48.177055
51.825165,-48.177055,-48.226791
51.8453,-48.226791,-48.276619
51.865458,-48.276619,-48.326829
51.885602,-48.326829,-48.378078
51.905692,-48.378078,-48.432892
51.926551,-48.432892,-48.488825
51.947313,-48.488825,-48.545655
51.968002,-48.545655,-48.60311
51.988641,-48.60311,-48.661216
52.009245,-48.661216,-48.720743
52.029774,-48.720743,-48.781775
52.050196,-48.781775,-48.844396
52.070511,-48.844396,-48.908565
52.090721,-48.908565,-48.974026
52.110841,-48.974026,-49.040596
52.130892,-49.040596,-49.111151
52.151712,-49.111151,-49.183165
52.172457,-49.183165,-49.257141
52.193101,-49.257141,-49.333207
52.21363,-49.333207,-49.411282
52.234046,-49.411282,-49.490889
52.254374,-49.490889,-49.571459
52.274648,-49.571459,-49.652693
